age,priors_count,days_b_screening_arrest,is_recid,is_violent_recid,two_year_recid,length_of_stay,age_cat_25 - 45,age_cat_Greater than 45,age_cat_Less than 25,sex_Female,sex_Male,race_African-American,race_Asian,race_Caucasian,race_Hispanic,race_Native American,race_Other,c_charge_degree_F,c_charge_degree_M,Result
"(19.75, 44.11]","(-0.01, 7.81]","(0.94, 190.68]","(-0.01, 0.17]","(-0.01, 0.15]","(-0.01, 0.0025]","(-0.01, 154.77]","(0.89, 1.0]","(-0.01, 0.17]","(-0.01, 0.21]","(-0.01, 0.087]","(0.97, 1.0]","(0.8, 1.0]","(-0.01, 0.23]","(-0.01, 0.23]","(-0.01, 0.23]","(-0.01, 0.22]","(-0.01, 0.23]","(-0.01, 0.25]","(0.77, 1.0]",Positive
"(19.75, 44.11]","(-0.01, 7.81]","(0.94, 190.68]","(-0.01, 0.17]","(-0.01, 0.15]","(-0.01, 0.0025]","(-0.01, 154.77]","(0.89, 1.0]","(-0.01, 0.17]","(-0.01, 0.21]","(-0.01, 0.087]","(0.97, 1.0]","(0.8, 1.0]","(-0.01, 0.23]","(-0.01, 0.23]","(-0.01, 0.23]","(-0.01, 0.22]","(-0.01, 0.23]","(-0.01, 0.25]","(0.77, 1.0]",Positive
"(44.11, 54.83]","(-0.01, 7.81]","(0.94, 190.68]","(-0.01, 0.17]","(-0.01, 0.15]","(-0.01, 0.0025]","(-0.01, 154.77]","(0.89, 1.0]","(-0.01, 0.17]","(-0.01, 0.21]","(-0.01, 0.087]","(0.97, 1.0]","(0.8, 1.0]","(-0.01, 0.23]","(-0.01, 0.23]","(-0.01, 0.23]","(-0.01, 0.22]","(-0.01, 0.23]","(-0.01, 0.25]","(0.77, 1.0]",Positive
"(44.11, 54.83]","(-0.01, 7.81]","(0.94, 190.68]","(-0.01, 0.17]","(-0.01, 0.15]","(-0.01, 0.0025]","(-0.01, 154.77]","(0.89, 1.0]","(-0.01, 0.17]","(-0.01, 0.21]","(-0.01, 0.087]","(0.97, 1.0]","(0.8, 1.0]","(-0.01, 0.23]","(-0.01, 0.23]","(-0.01, 0.23]","(-0.01, 0.22]","(-0.01, 0.23]","(-0.01, 0.25]","(0.77, 1.0]",Positive
"(19.75, 44.11]","(-0.01, 7.81]","(0.94, 190.68]","(-0.01, 0.17]","(-0.01, 0.15]","(-0.01, 0.0025]","(-0.01, 154.77]","(0.89, 1.0]","(-0.01, 0.17]","(-0.01, 0.21]","(-0.01, 0.087]","(0.97, 1.0]","(0.8, 1.0]","(-0.01, 0.23]","(-0.01, 0.23]","(-0.01, 0.23]","(-0.01, 0.22]","(-0.01, 0.23]","(-0.01, 0.25]","(0.77, 1.0]",Positive
"(44.11, 54.83]","(-0.01, 7.81]","(0.94, 190.68]","(-0.01, 0.17]","(-0.01, 0.15]","(-0.01, 0.0025]","(-0.01, 154.77]","(0.89, 1.0]","(-0.01, 0.17]","(-0.01, 0.21]","(-0.01, 0.087]","(0.97, 1.0]","(0.8, 1.0]","(-0.01, 0.23]","(-0.01, 0.23]","(-0.01, 0.23]","(-0.01, 0.22]","(-0.01, 0.23]","(-0.01, 0.25]","(0.77, 1.0]",Positive
"(19.75, 44.11]","(-0.01, 7.81]","(0.94, 190.68]","(-0.01, 0.17]","(-0.01, 0.15]","(-0.01, 0.0025]","(-0.01, 154.77]","(0.89, 1.0]","(-0.01, 0.17]","(-0.01, 0.21]","(-0.01, 0.087]","(0.97, 1.0]","(0.8, 1.0]","(-0.01, 0.23]","(-0.01, 0.23]","(-0.01, 0.23]","(-0.01, 0.22]","(-0.01, 0.23]","(-0.01, 0.25]","(0.77, 1.0]",Positive
"(19.75, 44.11]","(-0.01, 7.81]","(0.94, 190.68]","(-0.01, 0.17]","(-0.01, 0.15]","(-0.01, 0.0025]","(-0.01, 154.77]","(0.89, 1.0]","(-0.01, 0.17]","(-0.01, 0.21]","(-0.01, 0.087]","(0.97, 1.0]","(0.8, 1.0]","(-0.01, 0.23]","(-0.01, 0.23]","(-0.01, 0.23]","(-0.01, 0.22]","(-0.01, 0.23]","(-0.01, 0.25]","(0.77, 1.0]",Positive
"(44.11, 54.83]","(-0.01, 7.81]","(0.94, 190.68]","(-0.01, 0.17]","(-0.01, 0.15]","(-0.01, 0.0025]","(-0.01, 154.77]","(0.89, 1.0]","(-0.01, 0.17]","(-0.01, 0.21]","(-0.01, 0.087]","(0.97, 1.0]","(0.8, 1.0]","(-0.01, 0.23]","(-0.01, 0.23]","(-0.01, 0.23]","(-0.01, 0.22]","(-0.01, 0.23]","(-0.01, 0.25]","(0.77, 1.0]",Positive
"(44.11, 54.83]","(-0.01, 7.81]","(0.94, 190.68]","(-0.01, 0.17]","(-0.01, 0.15]","(-0.01, 0.0025]","(-0.01, 154.77]","(0.89, 1.0]","(-0.01, 0.17]","(-0.01, 0.21]","(-0.01, 0.087]","(0.97, 1.0]","(0.8, 1.0]","(-0.01, 0.23]","(-0.01, 0.23]","(-0.01, 0.23]","(-0.01, 0.22]","(-0.01, 0.23]","(-0.01, 0.25]","(0.77, 1.0]",Positive
"(19.75, 44.11]","(-0.01, 7.81]","(0.94, 190.68]","(-0.01, 0.17]","(-0.01, 0.15]","(-0.01, 0.0025]","(-0.01, 154.77]","(0.89, 1.0]","(-0.01, 0.17]","(-0.01, 0.21]","(-0.01, 0.087]","(0.97, 1.0]","(0.8, 1.0]","(-0.01, 0.23]","(-0.01, 0.23]","(-0.01, 0.23]","(-0.01, 0.22]","(-0.01, 0.23]","(-0.01, 0.25]","(0.77, 1.0]",Positive
"(19.75, 44.11]","(-0.01, 7.81]","(0.94, 190.68]","(-0.01, 0.17]","(-0.01, 0.15]","(-0.01, 0.0025]","(-0.01, 154.77]","(0.89, 1.0]","(-0.01, 0.17]","(-0.01, 0.21]","(-0.01, 0.087]","(0.97, 1.0]","(0.8, 1.0]","(-0.01, 0.23]","(-0.01, 0.23]","(-0.01, 0.23]","(-0.01, 0.22]","(-0.01, 0.23]","(-0.01, 0.25]","(0.77, 1.0]",Positive
"(19.75, 44.11]","(-0.01, 7.81]","(0.94, 190.68]","(-0.01, 0.17]","(-0.01, 0.15]","(-0.01, 0.0025]","(-0.01, 154.77]","(0.89, 1.0]","(-0.01, 0.17]","(-0.01, 0.21]","(-0.01, 0.087]","(0.97, 1.0]","(0.8, 1.0]","(-0.01, 0.23]","(-0.01, 0.23]","(-0.01, 0.23]","(-0.01, 0.22]","(-0.01, 0.23]","(-0.01, 0.25]","(0.77, 1.0]",Positive
"(19.75, 44.11]","(-0.01, 7.81]","(0.94, 190.68]","(-0.01, 0.17]","(-0.01, 0.15]","(-0.01, 0.0025]","(-0.01, 154.77]","(0.89, 1.0]","(-0.01, 0.17]","(-0.01, 0.21]","(-0.01, 0.087]","(0.97, 1.0]","(0.8, 1.0]","(-0.01, 0.23]","(-0.01, 0.23]","(-0.01, 0.23]","(-0.01, 0.22]","(-0.01, 0.23]","(-0.01, 0.25]","(0.77, 1.0]",Positive
"(19.75, 44.11]","(-0.01, 7.81]","(0.94, 190.68]","(-0.01, 0.17]","(-0.01, 0.15]","(-0.01, 0.0025]","(-0.01, 154.77]","(0.89, 1.0]","(-0.01, 0.17]","(-0.01, 0.21]","(-0.01, 0.087]","(0.97, 1.0]","(0.8, 1.0]","(-0.01, 0.23]","(-0.01, 0.23]","(-0.01, 0.23]","(-0.01, 0.22]","(-0.01, 0.23]","(-0.01, 0.25]","(0.77, 1.0]",Positive
"(19.75, 44.11]","(-0.01, 7.81]","(0.94, 190.68]","(-0.01, 0.17]","(-0.01, 0.15]","(-0.01, 0.0025]","(-0.01, 154.77]","(0.89, 1.0]","(-0.01, 0.17]","(-0.01, 0.21]","(-0.01, 0.087]","(0.97, 1.0]","(0.8, 1.0]","(-0.01, 0.23]","(-0.01, 0.23]","(-0.01, 0.23]","(-0.01, 0.22]","(-0.01, 0.23]","(-0.01, 0.25]","(0.77, 1.0]",Positive
"(19.75, 44.11]","(-0.01, 7.81]","(0.94, 190.68]","(-0.01, 0.17]","(-0.01, 0.15]","(-0.01, 0.0025]","(-0.01, 154.77]","(0.89, 1.0]","(-0.01, 0.17]","(-0.01, 0.21]","(-0.01, 0.087]","(0.97, 1.0]","(0.8, 1.0]","(-0.01, 0.23]","(-0.01, 0.23]","(-0.01, 0.23]","(-0.01, 0.22]","(-0.01, 0.23]","(-0.01, 0.25]","(0.77, 1.0]",Positive
"(19.75, 44.11]","(7.81, 9.5]","(0.94, 190.68]","(-0.01, 0.17]","(-0.01, 0.15]","(-0.01, 0.0025]","(-0.01, 154.77]","(0.89, 1.0]","(-0.01, 0.17]","(-0.01, 0.21]","(-0.01, 0.087]","(0.97, 1.0]","(0.8, 1.0]","(-0.01, 0.23]","(-0.01, 0.23]","(-0.01, 0.23]","(-0.01, 0.22]","(-0.01, 0.23]","(-0.01, 0.25]","(0.77, 1.0]",Positive
"(19.75, 44.11]","(-0.01, 7.81]","(0.94, 190.68]","(-0.01, 0.17]","(-0.01, 0.15]","(-0.01, 0.0025]","(-0.01, 154.77]","(0.89, 1.0]","(-0.01, 0.17]","(-0.01, 0.21]","(-0.01, 0.087]","(0.97, 1.0]","(0.8, 1.0]","(-0.01, 0.23]","(-0.01, 0.23]","(-0.01, 0.23]","(-0.01, 0.22]","(-0.01, 0.23]","(-0.01, 0.25]","(0.77, 1.0]",Positive
"(19.75, 44.11]","(-0.01, 7.81]","(0.94, 190.68]","(-0.01, 0.17]","(-0.01, 0.15]","(-0.01, 0.0025]","(-0.01, 154.77]","(0.89, 1.0]","(-0.01, 0.17]","(-0.01, 0.21]","(-0.01, 0.087]","(0.97, 1.0]","(0.8, 1.0]","(-0.01, 0.23]","(-0.01, 0.23]","(-0.01, 0.23]","(-0.01, 0.22]","(-0.01, 0.23]","(-0.01, 0.25]","(0.77, 1.0]",Positive
"(19.75, 44.11]","(7.81, 9.5]","(0.94, 190.68]","(-0.01, 0.17]","(-0.01, 0.15]","(-0.01, 0.0025]","(-0.01, 154.77]","(0.89, 1.0]","(-0.01, 0.17]","(-0.01, 0.21]","(-0.01, 0.087]","(0.97, 1.0]","(0.8, 1.0]","(-0.01, 0.23]","(-0.01, 0.23]","(-0.01, 0.23]","(-0.01, 0.22]","(-0.01, 0.23]","(-0.01, 0.25]","(0.77, 1.0]",Positive
"(19.75, 44.11]","(7.81, 9.5]","(0.94, 190.68]","(-0.01, 0.17]","(-0.01, 0.15]","(-0.01, 0.0025]","(-0.01, 154.77]","(0.89, 1.0]","(-0.01, 0.17]","(-0.01, 0.21]","(-0.01, 0.087]","(0.97, 1.0]","(0.8, 1.0]","(-0.01, 0.23]","(-0.01, 0.23]","(-0.01, 0.23]","(-0.01, 0.22]","(-0.01, 0.23]","(-0.01, 0.25]","(0.77, 1.0]",Positive
"(19.75, 44.11]","(-0.01, 7.81]","(0.94, 190.68]","(-0.01, 0.17]","(-0.01, 0.15]","(-0.01, 0.0025]","(-0.01, 154.77]","(0.89, 1.0]","(-0.01, 0.17]","(-0.01, 0.21]","(-0.01, 0.087]","(0.97, 1.0]","(0.8, 1.0]","(-0.01, 0.23]","(-0.01, 0.23]","(-0.01, 0.23]","(-0.01, 0.22]","(-0.01, 0.23]","(-0.01, 0.25]","(0.77, 1.0]",Positive
"(19.75, 44.11]","(-0.01, 7.81]","(0.94, 190.68]","(-0.01, 0.17]","(-0.01, 0.15]","(-0.01, 0.0025]","(-0.01, 154.77]","(0.89, 1.0]","(-0.01, 0.17]","(-0.01, 0.21]","(-0.01, 0.087]","(0.97, 1.0]","(0.8, 1.0]","(-0.01, 0.23]","(-0.01, 0.23]","(-0.01, 0.23]","(-0.01, 0.22]","(-0.01, 0.23]","(-0.01, 0.25]","(0.77, 1.0]",Positive
"(19.75, 44.11]","(7.81, 9.5]","(0.94, 190.68]","(-0.01, 0.17]","(-0.01, 0.15]","(-0.01, 0.0025]","(-0.01, 154.77]","(0.89, 1.0]","(-0.01, 0.17]","(-0.01, 0.21]","(-0.01, 0.087]","(0.97, 1.0]","(0.8, 1.0]","(-0.01, 0.23]","(-0.01, 0.23]","(-0.01, 0.23]","(-0.01, 0.22]","(-0.01, 0.23]","(-0.01, 0.25]","(0.77, 1.0]",Positive
"(19.75, 44.11]","(-0.01, 7.81]","(0.94, 190.68]","(-0.01, 0.17]","(-0.01, 0.15]","(-0.01, 0.0025]","(-0.01, 154.77]","(0.89, 1.0]","(-0.01, 0.17]","(-0.01, 0.21]","(-0.01, 0.087]","(0.97, 1.0]","(0.8, 1.0]","(-0.01, 0.23]","(-0.01, 0.23]","(-0.01, 0.23]","(-0.01, 0.22]","(-0.01, 0.23]","(-0.01, 0.25]","(0.77, 1.0]",Positive
"(19.75, 44.11]","(-0.01, 7.81]","(0.94, 190.68]","(-0.01, 0.17]","(-0.01, 0.15]","(-0.01, 0.0025]","(-0.01, 154.77]","(0.89, 1.0]","(-0.01, 0.17]","(-0.01, 0.21]","(-0.01, 0.087]","(0.97, 1.0]","(0.8, 1.0]","(-0.01, 0.23]","(-0.01, 0.23]","(-0.01, 0.23]","(-0.01, 0.22]","(-0.01, 0.23]","(-0.01, 0.25]","(0.77, 1.0]",Positive
"(19.75, 44.11]","(-0.01, 7.81]","(0.94, 190.68]","(-0.01, 0.17]","(-0.01, 0.15]","(-0.01, 0.0025]","(-0.01, 154.77]","(0.89, 1.0]","(-0.01, 0.17]","(-0.01, 0.21]","(-0.01, 0.087]","(0.97, 1.0]","(0.8, 1.0]","(-0.01, 0.23]","(-0.01, 0.23]","(-0.01, 0.23]","(-0.01, 0.22]","(-0.01, 0.23]","(-0.01, 0.25]","(0.77, 1.0]",Positive
"(19.75, 44.11]","(-0.01, 7.81]","(0.94, 190.68]","(-0.01, 0.17]","(-0.01, 0.15]","(-0.01, 0.0025]","(-0.01, 154.77]","(0.89, 1.0]","(-0.01, 0.17]","(-0.01, 0.21]","(-0.01, 0.087]","(0.97, 1.0]","(0.8, 1.0]","(-0.01, 0.23]","(-0.01, 0.23]","(-0.01, 0.23]","(-0.01, 0.22]","(-0.01, 0.23]","(-0.01, 0.25]","(0.77, 1.0]",Positive
"(19.75, 44.11]","(-0.01, 7.81]","(0.94, 190.68]","(-0.01, 0.17]","(-0.01, 0.15]","(-0.01, 0.0025]","(-0.01, 154.77]","(0.89, 1.0]","(-0.01, 0.17]","(-0.01, 0.21]","(-0.01, 0.087]","(0.97, 1.0]","(0.8, 1.0]","(-0.01, 0.23]","(-0.01, 0.23]","(-0.01, 0.23]","(-0.01, 0.22]","(-0.01, 0.23]","(-0.01, 0.25]","(0.77, 1.0]",Positive
"(19.75, 44.11]","(-0.01, 7.81]","(0.94, 190.68]","(-0.01, 0.17]","(-0.01, 0.15]","(-0.01, 0.0025]","(-0.01, 154.77]","(0.89, 1.0]","(-0.01, 0.17]","(-0.01, 0.21]","(-0.01, 0.087]","(0.97, 1.0]","(0.8, 1.0]","(-0.01, 0.23]","(-0.01, 0.23]","(-0.01, 0.23]","(-0.01, 0.22]","(-0.01, 0.23]","(-0.01, 0.25]","(0.77, 1.0]",Positive
"(19.75, 44.11]","(-0.01, 7.81]","(0.94, 190.68]","(-0.01, 0.17]","(-0.01, 0.15]","(-0.01, 0.0025]","(-0.01, 154.77]","(0.89, 1.0]","(-0.01, 0.17]","(-0.01, 0.21]","(-0.01, 0.087]","(0.97, 1.0]","(0.8, 1.0]","(-0.01, 0.23]","(-0.01, 0.23]","(-0.01, 0.23]","(-0.01, 0.22]","(-0.01, 0.23]","(-0.01, 0.25]","(0.77, 1.0]",Positive
"(19.75, 44.11]","(-0.01, 7.81]","(0.94, 190.68]","(-0.01, 0.17]","(-0.01, 0.15]","(-0.01, 0.0025]","(-0.01, 154.77]","(0.89, 1.0]","(-0.01, 0.17]","(-0.01, 0.21]","(-0.01, 0.087]","(0.97, 1.0]","(0.8, 1.0]","(-0.01, 0.23]","(-0.01, 0.23]","(-0.01, 0.23]","(-0.01, 0.22]","(-0.01, 0.23]","(-0.01, 0.25]","(0.77, 1.0]",Positive
"(19.75, 44.11]","(-0.01, 7.81]","(0.94, 190.68]","(-0.01, 0.17]","(-0.01, 0.15]","(-0.01, 0.0025]","(-0.01, 154.77]","(0.89, 1.0]","(-0.01, 0.17]","(-0.01, 0.21]","(-0.01, 0.087]","(0.97, 1.0]","(0.8, 1.0]","(-0.01, 0.23]","(-0.01, 0.23]","(-0.01, 0.23]","(-0.01, 0.22]","(-0.01, 0.23]","(-0.01, 0.25]","(0.77, 1.0]",Positive
"(19.75, 44.11]","(-0.01, 7.81]","(0.94, 190.68]","(-0.01, 0.17]","(-0.01, 0.15]","(-0.01, 0.0025]","(-0.01, 154.77]","(0.89, 1.0]","(-0.01, 0.17]","(-0.01, 0.21]","(-0.01, 0.087]","(0.97, 1.0]","(0.8, 1.0]","(-0.01, 0.23]","(-0.01, 0.23]","(-0.01, 0.23]","(-0.01, 0.22]","(-0.01, 0.23]","(-0.01, 0.25]","(0.77, 1.0]",Positive
"(19.75, 44.11]","(-0.01, 7.81]","(0.94, 190.68]","(-0.01, 0.17]","(-0.01, 0.15]","(-0.01, 0.0025]","(-0.01, 154.77]","(0.89, 1.0]","(-0.01, 0.17]","(-0.01, 0.21]","(-0.01, 0.087]","(0.97, 1.0]","(0.8, 1.0]","(-0.01, 0.23]","(-0.01, 0.23]","(-0.01, 0.23]","(-0.01, 0.22]","(-0.01, 0.23]","(-0.01, 0.25]","(0.77, 1.0]",Positive
"(19.75, 44.11]","(-0.01, 7.81]","(0.94, 190.68]","(-0.01, 0.17]","(-0.01, 0.15]","(-0.01, 0.0025]","(-0.01, 154.77]","(0.89, 1.0]","(-0.01, 0.17]","(-0.01, 0.21]","(-0.01, 0.087]","(0.97, 1.0]","(0.8, 1.0]","(-0.01, 0.23]","(-0.01, 0.23]","(-0.01, 0.23]","(-0.01, 0.22]","(-0.01, 0.23]","(-0.01, 0.25]","(0.77, 1.0]",Positive
"(19.75, 44.11]","(-0.01, 7.81]","(190.68, 253.36]","(-0.01, 0.17]","(-0.01, 0.15]","(-0.01, 0.0025]","(-0.01, 154.77]","(0.89, 1.0]","(-0.01, 0.17]","(-0.01, 0.21]","(-0.01, 0.087]","(0.97, 1.0]","(0.8, 1.0]","(-0.01, 0.23]","(-0.01, 0.23]","(-0.01, 0.23]","(-0.01, 0.22]","(-0.01, 0.23]","(-0.01, 0.25]","(0.77, 1.0]",Positive
"(19.75, 44.11]","(-0.01, 7.81]","(190.68, 253.36]","(-0.01, 0.17]","(-0.01, 0.15]","(-0.01, 0.0025]","(-0.01, 154.77]","(0.89, 1.0]","(-0.01, 0.17]","(-0.01, 0.21]","(-0.01, 0.087]","(0.97, 1.0]","(0.8, 1.0]","(-0.01, 0.23]","(-0.01, 0.23]","(-0.01, 0.23]","(-0.01, 0.22]","(-0.01, 0.23]","(-0.01, 0.25]","(0.77, 1.0]",Positive
"(19.75, 44.11]","(-0.01, 7.81]","(190.68, 253.36]","(-0.01, 0.17]","(-0.01, 0.15]","(-0.01, 0.0025]","(-0.01, 154.77]","(0.89, 1.0]","(-0.01, 0.17]","(-0.01, 0.21]","(-0.01, 0.087]","(0.97, 1.0]","(0.8, 1.0]","(-0.01, 0.23]","(-0.01, 0.23]","(-0.01, 0.23]","(-0.01, 0.22]","(-0.01, 0.23]","(-0.01, 0.25]","(0.77, 1.0]",Positive
"(19.75, 44.11]","(-0.01, 7.81]","(0.94, 190.68]","(-0.01, 0.17]","(-0.01, 0.15]","(-0.01, 0.0025]","(-0.01, 154.77]","(0.89, 1.0]","(-0.01, 0.17]","(-0.01, 0.21]","(-0.01, 0.087]","(0.97, 1.0]","(0.8, 1.0]","(-0.01, 0.23]","(-0.01, 0.23]","(-0.01, 0.23]","(-0.01, 0.22]","(-0.01, 0.23]","(-0.01, 0.25]","(0.77, 1.0]",Positive
"(19.75, 44.11]","(-0.01, 7.81]","(190.68, 253.36]","(-0.01, 0.17]","(-0.01, 0.15]","(-0.01, 0.0025]","(-0.01, 154.77]","(0.89, 1.0]","(-0.01, 0.17]","(-0.01, 0.21]","(-0.01, 0.087]","(0.97, 1.0]","(0.8, 1.0]","(-0.01, 0.23]","(-0.01, 0.23]","(-0.01, 0.23]","(-0.01, 0.22]","(-0.01, 0.23]","(-0.01, 0.25]","(0.77, 1.0]",Positive
"(19.75, 44.11]","(-0.01, 7.81]","(0.94, 190.68]","(-0.01, 0.17]","(-0.01, 0.15]","(-0.01, 0.0025]","(-0.01, 154.77]","(0.89, 1.0]","(-0.01, 0.17]","(-0.01, 0.21]","(-0.01, 0.087]","(0.97, 1.0]","(0.8, 1.0]","(-0.01, 0.23]","(-0.01, 0.23]","(-0.01, 0.23]","(-0.01, 0.22]","(-0.01, 0.23]","(-0.01, 0.25]","(0.77, 1.0]",Positive
"(19.75, 44.11]","(-0.01, 7.81]","(190.68, 253.36]","(-0.01, 0.17]","(-0.01, 0.15]","(-0.01, 0.0025]","(-0.01, 154.77]","(0.89, 1.0]","(-0.01, 0.17]","(-0.01, 0.21]","(-0.01, 0.087]","(0.97, 1.0]","(0.8, 1.0]","(-0.01, 0.23]","(-0.01, 0.23]","(-0.01, 0.23]","(-0.01, 0.22]","(-0.01, 0.23]","(-0.01, 0.25]","(0.77, 1.0]",Positive
"(19.75, 44.11]","(-0.01, 7.81]","(190.68, 253.36]","(-0.01, 0.17]","(-0.01, 0.15]","(-0.01, 0.0025]","(-0.01, 154.77]","(0.89, 1.0]","(-0.01, 0.17]","(-0.01, 0.21]","(-0.01, 0.087]","(0.97, 1.0]","(0.8, 1.0]","(-0.01, 0.23]","(-0.01, 0.23]","(-0.01, 0.23]","(-0.01, 0.22]","(-0.01, 0.23]","(-0.01, 0.25]","(0.77, 1.0]",Positive
"(19.75, 44.11]","(-0.01, 7.81]","(0.94, 190.68]","(-0.01, 0.17]","(-0.01, 0.15]","(-0.01, 0.0025]","(-0.01, 154.77]","(0.89, 1.0]","(-0.01, 0.17]","(-0.01, 0.21]","(-0.01, 0.087]","(0.97, 1.0]","(0.8, 1.0]","(-0.01, 0.23]","(-0.01, 0.23]","(-0.01, 0.23]","(-0.01, 0.22]","(-0.01, 0.23]","(-0.01, 0.25]","(0.77, 1.0]",Positive
"(19.75, 44.11]","(-0.01, 7.81]","(0.94, 190.68]","(-0.01, 0.17]","(-0.01, 0.15]","(-0.01, 0.0025]","(-0.01, 154.77]","(0.89, 1.0]","(-0.01, 0.17]","(-0.01, 0.21]","(-0.01, 0.087]","(0.97, 1.0]","(0.8, 1.0]","(-0.01, 0.23]","(-0.01, 0.23]","(-0.01, 0.23]","(-0.01, 0.22]","(-0.01, 0.23]","(-0.01, 0.25]","(0.77, 1.0]",Positive
"(19.75, 44.11]","(-0.01, 7.81]","(0.94, 190.68]","(-0.01, 0.17]","(-0.01, 0.15]","(-0.01, 0.0025]","(-0.01, 154.77]","(0.89, 1.0]","(-0.01, 0.17]","(-0.01, 0.21]","(-0.01, 0.087]","(0.97, 1.0]","(0.8, 1.0]","(-0.01, 0.23]","(-0.01, 0.23]","(-0.01, 0.23]","(-0.01, 0.22]","(-0.01, 0.23]","(-0.01, 0.25]","(0.77, 1.0]",Positive
"(19.75, 44.11]","(-0.01, 7.81]","(0.94, 190.68]","(-0.01, 0.17]","(-0.01, 0.15]","(-0.01, 0.0025]","(-0.01, 154.77]","(0.89, 1.0]","(-0.01, 0.17]","(-0.01, 0.21]","(-0.01, 0.087]","(0.97, 1.0]","(0.8, 1.0]","(-0.01, 0.23]","(-0.01, 0.23]","(-0.01, 0.23]","(-0.01, 0.22]","(-0.01, 0.23]","(-0.01, 0.25]","(0.77, 1.0]",Positive
"(19.75, 44.11]","(-0.01, 7.81]","(0.94, 190.68]","(0.17, 0.25]","(-0.01, 0.15]","(-0.01, 0.0025]","(-0.01, 154.77]","(0.89, 1.0]","(-0.01, 0.17]","(-0.01, 0.21]","(-0.01, 0.087]","(0.97, 1.0]","(0.8, 1.0]","(-0.01, 0.23]","(-0.01, 0.23]","(-0.01, 0.23]","(-0.01, 0.22]","(-0.01, 0.23]","(-0.01, 0.25]","(0.77, 1.0]",Positive
"(19.75, 44.11]","(-0.01, 7.81]","(0.94, 190.68]","(-0.01, 0.17]","(-0.01, 0.15]","(-0.01, 0.0025]","(-0.01, 154.77]","(0.89, 1.0]","(-0.01, 0.17]","(-0.01, 0.21]","(-0.01, 0.087]","(0.97, 1.0]","(0.8, 1.0]","(-0.01, 0.23]","(-0.01, 0.23]","(-0.01, 0.23]","(-0.01, 0.22]","(-0.01, 0.23]","(-0.01, 0.25]","(0.77, 1.0]",Positive
"(19.75, 44.11]","(-0.01, 7.81]","(0.94, 190.68]","(-0.01, 0.17]","(-0.01, 0.15]","(-0.01, 0.0025]","(-0.01, 154.77]","(0.89, 1.0]","(-0.01, 0.17]","(-0.01, 0.21]","(-0.01, 0.087]","(0.97, 1.0]","(0.8, 1.0]","(-0.01, 0.23]","(-0.01, 0.23]","(-0.01, 0.23]","(-0.01, 0.22]","(-0.01, 0.23]","(-0.01, 0.25]","(0.77, 1.0]",Positive
"(19.75, 44.11]","(-0.01, 7.81]","(0.94, 190.68]","(0.17, 0.25]","(-0.01, 0.15]","(-0.01, 0.0025]","(-0.01, 154.77]","(0.89, 1.0]","(-0.01, 0.17]","(-0.01, 0.21]","(-0.01, 0.087]","(0.97, 1.0]","(0.8, 1.0]","(-0.01, 0.23]","(-0.01, 0.23]","(-0.01, 0.23]","(-0.01, 0.22]","(-0.01, 0.23]","(-0.01, 0.25]","(0.77, 1.0]",Positive
"(19.75, 44.11]","(-0.01, 7.81]","(0.94, 190.68]","(0.17, 0.25]","(-0.01, 0.15]","(-0.01, 0.0025]","(-0.01, 154.77]","(0.89, 1.0]","(-0.01, 0.17]","(-0.01, 0.21]","(-0.01, 0.087]","(0.97, 1.0]","(0.8, 1.0]","(-0.01, 0.23]","(-0.01, 0.23]","(-0.01, 0.23]","(-0.01, 0.22]","(-0.01, 0.23]","(-0.01, 0.25]","(0.77, 1.0]",Positive
"(19.75, 44.11]","(-0.01, 7.81]","(0.94, 190.68]","(-0.01, 0.17]","(-0.01, 0.15]","(-0.01, 0.0025]","(-0.01, 154.77]","(0.89, 1.0]","(-0.01, 0.17]","(-0.01, 0.21]","(-0.01, 0.087]","(0.97, 1.0]","(0.8, 1.0]","(-0.01, 0.23]","(-0.01, 0.23]","(-0.01, 0.23]","(-0.01, 0.22]","(-0.01, 0.23]","(-0.01, 0.25]","(0.77, 1.0]",Positive
"(19.75, 44.11]","(-0.01, 7.81]","(0.94, 190.68]","(-0.01, 0.17]","(-0.01, 0.15]","(-0.01, 0.0025]","(-0.01, 154.77]","(0.89, 1.0]","(-0.01, 0.17]","(-0.01, 0.21]","(-0.01, 0.087]","(0.97, 1.0]","(0.8, 1.0]","(-0.01, 0.23]","(-0.01, 0.23]","(-0.01, 0.23]","(-0.01, 0.22]","(-0.01, 0.23]","(-0.01, 0.25]","(0.77, 1.0]",Positive
"(19.75, 44.11]","(-0.01, 7.81]","(0.94, 190.68]","(-0.01, 0.17]","(-0.01, 0.15]","(-0.01, 0.0025]","(-0.01, 154.77]","(0.89, 1.0]","(-0.01, 0.17]","(-0.01, 0.21]","(-0.01, 0.087]","(0.97, 1.0]","(0.8, 1.0]","(-0.01, 0.23]","(-0.01, 0.23]","(-0.01, 0.23]","(-0.01, 0.22]","(-0.01, 0.23]","(-0.01, 0.25]","(0.77, 1.0]",Positive
"(19.75, 44.11]","(-0.01, 7.81]","(0.94, 190.68]","(0.17, 0.25]","(-0.01, 0.15]","(-0.01, 0.0025]","(-0.01, 154.77]","(0.89, 1.0]","(-0.01, 0.17]","(-0.01, 0.21]","(-0.01, 0.087]","(0.97, 1.0]","(0.8, 1.0]","(-0.01, 0.23]","(-0.01, 0.23]","(-0.01, 0.23]","(-0.01, 0.22]","(-0.01, 0.23]","(-0.01, 0.25]","(0.77, 1.0]",Positive
"(19.75, 44.11]","(-0.01, 7.81]","(0.94, 190.68]","(-0.01, 0.17]","(-0.01, 0.15]","(-0.01, 0.0025]","(-0.01, 154.77]","(0.89, 1.0]","(-0.01, 0.17]","(-0.01, 0.21]","(-0.01, 0.087]","(0.97, 1.0]","(0.8, 1.0]","(-0.01, 0.23]","(-0.01, 0.23]","(-0.01, 0.23]","(-0.01, 0.22]","(-0.01, 0.23]","(-0.01, 0.25]","(0.77, 1.0]",Positive
"(19.75, 44.11]","(-0.01, 7.81]","(0.94, 190.68]","(0.17, 0.25]","(-0.01, 0.15]","(-0.01, 0.0025]","(-0.01, 154.77]","(0.89, 1.0]","(-0.01, 0.17]","(-0.01, 0.21]","(-0.01, 0.087]","(0.97, 1.0]","(0.8, 1.0]","(-0.01, 0.23]","(-0.01, 0.23]","(-0.01, 0.23]","(-0.01, 0.22]","(-0.01, 0.23]","(-0.01, 0.25]","(0.77, 1.0]",Positive
"(19.75, 44.11]","(-0.01, 7.81]","(0.94, 190.68]","(-0.01, 0.17]","(-0.01, 0.15]","(-0.01, 0.0025]","(-0.01, 154.77]","(0.89, 1.0]","(-0.01, 0.17]","(-0.01, 0.21]","(-0.01, 0.087]","(0.97, 1.0]","(0.8, 1.0]","(-0.01, 0.23]","(-0.01, 0.23]","(-0.01, 0.23]","(-0.01, 0.22]","(-0.01, 0.23]","(-0.01, 0.25]","(0.77, 1.0]",Positive
"(19.75, 44.11]","(-0.01, 7.81]","(0.94, 190.68]","(-0.01, 0.17]","(0.15, 0.24]","(-0.01, 0.0025]","(-0.01, 154.77]","(0.89, 1.0]","(-0.01, 0.17]","(-0.01, 0.21]","(-0.01, 0.087]","(0.97, 1.0]","(0.8, 1.0]","(-0.01, 0.23]","(-0.01, 0.23]","(-0.01, 0.23]","(-0.01, 0.22]","(-0.01, 0.23]","(-0.01, 0.25]","(0.77, 1.0]",Positive
"(19.75, 44.11]","(-0.01, 7.81]","(0.94, 190.68]","(-0.01, 0.17]","(-0.01, 0.15]","(-0.01, 0.0025]","(-0.01, 154.77]","(0.89, 1.0]","(-0.01, 0.17]","(-0.01, 0.21]","(-0.01, 0.087]","(0.97, 1.0]","(0.8, 1.0]","(-0.01, 0.23]","(-0.01, 0.23]","(-0.01, 0.23]","(-0.01, 0.22]","(-0.01, 0.23]","(-0.01, 0.25]","(0.77, 1.0]",Positive
"(19.75, 44.11]","(-0.01, 7.81]","(0.94, 190.68]","(-0.01, 0.17]","(0.15, 0.24]","(-0.01, 0.0025]","(-0.01, 154.77]","(0.89, 1.0]","(-0.01, 0.17]","(-0.01, 0.21]","(-0.01, 0.087]","(0.97, 1.0]","(0.8, 1.0]","(-0.01, 0.23]","(-0.01, 0.23]","(-0.01, 0.23]","(-0.01, 0.22]","(-0.01, 0.23]","(-0.01, 0.25]","(0.77, 1.0]",Positive
"(19.75, 44.11]","(-0.01, 7.81]","(0.94, 190.68]","(-0.01, 0.17]","(0.15, 0.24]","(-0.01, 0.0025]","(-0.01, 154.77]","(0.89, 1.0]","(-0.01, 0.17]","(-0.01, 0.21]","(-0.01, 0.087]","(0.97, 1.0]","(0.8, 1.0]","(-0.01, 0.23]","(-0.01, 0.23]","(-0.01, 0.23]","(-0.01, 0.22]","(-0.01, 0.23]","(-0.01, 0.25]","(0.77, 1.0]",Positive
"(19.75, 44.11]","(-0.01, 7.81]","(0.94, 190.68]","(-0.01, 0.17]","(0.15, 0.24]","(-0.01, 0.0025]","(-0.01, 154.77]","(0.89, 1.0]","(-0.01, 0.17]","(-0.01, 0.21]","(-0.01, 0.087]","(0.97, 1.0]","(0.8, 1.0]","(-0.01, 0.23]","(-0.01, 0.23]","(-0.01, 0.23]","(-0.01, 0.22]","(-0.01, 0.23]","(-0.01, 0.25]","(0.77, 1.0]",Positive
"(19.75, 44.11]","(-0.01, 7.81]","(0.94, 190.68]","(-0.01, 0.17]","(-0.01, 0.15]","(-0.01, 0.0025]","(-0.01, 154.77]","(0.89, 1.0]","(-0.01, 0.17]","(-0.01, 0.21]","(-0.01, 0.087]","(0.97, 1.0]","(0.8, 1.0]","(-0.01, 0.23]","(-0.01, 0.23]","(-0.01, 0.23]","(-0.01, 0.22]","(-0.01, 0.23]","(-0.01, 0.25]","(0.77, 1.0]",Positive
"(19.75, 44.11]","(-0.01, 7.81]","(0.94, 190.68]","(-0.01, 0.17]","(-0.01, 0.15]","(-0.01, 0.0025]","(-0.01, 154.77]","(0.89, 1.0]","(-0.01, 0.17]","(-0.01, 0.21]","(-0.01, 0.087]","(0.97, 1.0]","(0.8, 1.0]","(-0.01, 0.23]","(-0.01, 0.23]","(-0.01, 0.23]","(-0.01, 0.22]","(-0.01, 0.23]","(-0.01, 0.25]","(0.77, 1.0]",Positive
"(19.75, 44.11]","(-0.01, 7.81]","(0.94, 190.68]","(-0.01, 0.17]","(0.15, 0.24]","(-0.01, 0.0025]","(-0.01, 154.77]","(0.89, 1.0]","(-0.01, 0.17]","(-0.01, 0.21]","(-0.01, 0.087]","(0.97, 1.0]","(0.8, 1.0]","(-0.01, 0.23]","(-0.01, 0.23]","(-0.01, 0.23]","(-0.01, 0.22]","(-0.01, 0.23]","(-0.01, 0.25]","(0.77, 1.0]",Positive
"(19.75, 44.11]","(-0.01, 7.81]","(0.94, 190.68]","(-0.01, 0.17]","(0.15, 0.24]","(-0.01, 0.0025]","(-0.01, 154.77]","(0.89, 1.0]","(-0.01, 0.17]","(-0.01, 0.21]","(-0.01, 0.087]","(0.97, 1.0]","(0.8, 1.0]","(-0.01, 0.23]","(-0.01, 0.23]","(-0.01, 0.23]","(-0.01, 0.22]","(-0.01, 0.23]","(-0.01, 0.25]","(0.77, 1.0]",Positive
"(19.75, 44.11]","(-0.01, 7.81]","(0.94, 190.68]","(-0.01, 0.17]","(0.15, 0.24]","(-0.01, 0.0025]","(-0.01, 154.77]","(0.89, 1.0]","(-0.01, 0.17]","(-0.01, 0.21]","(-0.01, 0.087]","(0.97, 1.0]","(0.8, 1.0]","(-0.01, 0.23]","(-0.01, 0.23]","(-0.01, 0.23]","(-0.01, 0.22]","(-0.01, 0.23]","(-0.01, 0.25]","(0.77, 1.0]",Positive
"(19.75, 44.11]","(-0.01, 7.81]","(0.94, 190.68]","(-0.01, 0.17]","(-0.01, 0.15]","(-0.01, 0.0025]","(-0.01, 154.77]","(0.89, 1.0]","(-0.01, 0.17]","(-0.01, 0.21]","(-0.01, 0.087]","(0.97, 1.0]","(0.8, 1.0]","(-0.01, 0.23]","(-0.01, 0.23]","(-0.01, 0.23]","(-0.01, 0.22]","(-0.01, 0.23]","(-0.01, 0.25]","(0.77, 1.0]",Positive
"(19.75, 44.11]","(-0.01, 7.81]","(0.94, 190.68]","(-0.01, 0.17]","(-0.01, 0.15]","(-0.01, 0.0025]","(-0.01, 154.77]","(0.89, 1.0]","(-0.01, 0.17]","(-0.01, 0.21]","(-0.01, 0.087]","(0.97, 1.0]","(0.8, 1.0]","(-0.01, 0.23]","(-0.01, 0.23]","(-0.01, 0.23]","(-0.01, 0.22]","(-0.01, 0.23]","(-0.01, 0.25]","(0.77, 1.0]",Positive
"(19.75, 44.11]","(-0.01, 7.81]","(0.94, 190.68]","(-0.01, 0.17]","(-0.01, 0.15]","(-0.01, 0.0025]","(-0.01, 154.77]","(0.89, 1.0]","(-0.01, 0.17]","(-0.01, 0.21]","(-0.01, 0.087]","(0.97, 1.0]","(0.8, 1.0]","(-0.01, 0.23]","(-0.01, 0.23]","(-0.01, 0.23]","(-0.01, 0.22]","(-0.01, 0.23]","(-0.01, 0.25]","(0.77, 1.0]",Positive
"(19.75, 44.11]","(-0.01, 7.81]","(0.94, 190.68]","(-0.01, 0.17]","(0.15, 0.24]","(-0.01, 0.0025]","(-0.01, 154.77]","(0.89, 1.0]","(-0.01, 0.17]","(-0.01, 0.21]","(-0.01, 0.087]","(0.97, 1.0]","(0.8, 1.0]","(-0.01, 0.23]","(-0.01, 0.23]","(-0.01, 0.23]","(-0.01, 0.22]","(-0.01, 0.23]","(-0.01, 0.25]","(0.77, 1.0]",Positive
"(19.75, 44.11]","(-0.01, 7.81]","(0.94, 190.68]","(-0.01, 0.17]","(-0.01, 0.15]","(-0.01, 0.0025]","(-0.01, 154.77]","(0.89, 1.0]","(-0.01, 0.17]","(-0.01, 0.21]","(-0.01, 0.087]","(0.97, 1.0]","(0.8, 1.0]","(-0.01, 0.23]","(-0.01, 0.23]","(-0.01, 0.23]","(-0.01, 0.22]","(-0.01, 0.23]","(-0.01, 0.25]","(0.77, 1.0]",Positive
"(19.75, 44.11]","(-0.01, 7.81]","(0.94, 190.68]","(-0.01, 0.17]","(-0.01, 0.15]","(0.0025, 0.21]","(-0.01, 154.77]","(0.89, 1.0]","(-0.01, 0.17]","(-0.01, 0.21]","(-0.01, 0.087]","(0.97, 1.0]","(0.8, 1.0]","(-0.01, 0.23]","(-0.01, 0.23]","(-0.01, 0.23]","(-0.01, 0.22]","(-0.01, 0.23]","(-0.01, 0.25]","(0.77, 1.0]",Positive
"(19.75, 44.11]","(-0.01, 7.81]","(0.94, 190.68]","(-0.01, 0.17]","(-0.01, 0.15]","(0.0025, 0.21]","(-0.01, 154.77]","(0.89, 1.0]","(-0.01, 0.17]","(-0.01, 0.21]","(-0.01, 0.087]","(0.97, 1.0]","(0.8, 1.0]","(-0.01, 0.23]","(-0.01, 0.23]","(-0.01, 0.23]","(-0.01, 0.22]","(-0.01, 0.23]","(-0.01, 0.25]","(0.77, 1.0]",Positive
"(19.75, 44.11]","(-0.01, 7.81]","(0.94, 190.68]","(-0.01, 0.17]","(-0.01, 0.15]","(0.0025, 0.21]","(-0.01, 154.77]","(0.89, 1.0]","(-0.01, 0.17]","(-0.01, 0.21]","(-0.01, 0.087]","(0.97, 1.0]","(0.8, 1.0]","(-0.01, 0.23]","(-0.01, 0.23]","(-0.01, 0.23]","(-0.01, 0.22]","(-0.01, 0.23]","(-0.01, 0.25]","(0.77, 1.0]",Positive
"(19.75, 44.11]","(-0.01, 7.81]","(0.94, 190.68]","(-0.01, 0.17]","(-0.01, 0.15]","(0.0025, 0.21]","(-0.01, 154.77]","(0.89, 1.0]","(-0.01, 0.17]","(-0.01, 0.21]","(-0.01, 0.087]","(0.97, 1.0]","(0.8, 1.0]","(-0.01, 0.23]","(-0.01, 0.23]","(-0.01, 0.23]","(-0.01, 0.22]","(-0.01, 0.23]","(-0.01, 0.25]","(0.77, 1.0]",Positive
"(19.75, 44.11]","(-0.01, 7.81]","(0.94, 190.68]","(-0.01, 0.17]","(-0.01, 0.15]","(0.0025, 0.21]","(-0.01, 154.77]","(0.89, 1.0]","(-0.01, 0.17]","(-0.01, 0.21]","(-0.01, 0.087]","(0.97, 1.0]","(0.8, 1.0]","(-0.01, 0.23]","(-0.01, 0.23]","(-0.01, 0.23]","(-0.01, 0.22]","(-0.01, 0.23]","(-0.01, 0.25]","(0.77, 1.0]",Positive
"(19.75, 44.11]","(-0.01, 7.81]","(0.94, 190.68]","(-0.01, 0.17]","(-0.01, 0.15]","(0.0025, 0.21]","(-0.01, 154.77]","(0.89, 1.0]","(-0.01, 0.17]","(-0.01, 0.21]","(-0.01, 0.087]","(0.97, 1.0]","(0.8, 1.0]","(-0.01, 0.23]","(-0.01, 0.23]","(-0.01, 0.23]","(-0.01, 0.22]","(-0.01, 0.23]","(-0.01, 0.25]","(0.77, 1.0]",Positive
"(19.75, 44.11]","(-0.01, 7.81]","(0.94, 190.68]","(-0.01, 0.17]","(-0.01, 0.15]","(0.0025, 0.21]","(-0.01, 154.77]","(0.89, 1.0]","(-0.01, 0.17]","(-0.01, 0.21]","(-0.01, 0.087]","(0.97, 1.0]","(0.8, 1.0]","(-0.01, 0.23]","(-0.01, 0.23]","(-0.01, 0.23]","(-0.01, 0.22]","(-0.01, 0.23]","(-0.01, 0.25]","(0.77, 1.0]",Positive
"(19.75, 44.11]","(-0.01, 7.81]","(0.94, 190.68]","(-0.01, 0.17]","(-0.01, 0.15]","(0.0025, 0.21]","(-0.01, 154.77]","(0.89, 1.0]","(-0.01, 0.17]","(-0.01, 0.21]","(-0.01, 0.087]","(0.97, 1.0]","(0.8, 1.0]","(-0.01, 0.23]","(-0.01, 0.23]","(-0.01, 0.23]","(-0.01, 0.22]","(-0.01, 0.23]","(-0.01, 0.25]","(0.77, 1.0]",Positive
"(19.75, 44.11]","(-0.01, 7.81]","(0.94, 190.68]","(-0.01, 0.17]","(-0.01, 0.15]","(0.0025, 0.21]","(-0.01, 154.77]","(0.89, 1.0]","(-0.01, 0.17]","(-0.01, 0.21]","(-0.01, 0.087]","(0.97, 1.0]","(0.8, 1.0]","(-0.01, 0.23]","(-0.01, 0.23]","(-0.01, 0.23]","(-0.01, 0.22]","(-0.01, 0.23]","(-0.01, 0.25]","(0.77, 1.0]",Positive
"(19.75, 44.11]","(-0.01, 7.81]","(0.94, 190.68]","(-0.01, 0.17]","(-0.01, 0.15]","(0.0025, 0.21]","(-0.01, 154.77]","(0.89, 1.0]","(-0.01, 0.17]","(-0.01, 0.21]","(-0.01, 0.087]","(0.97, 1.0]","(0.8, 1.0]","(-0.01, 0.23]","(-0.01, 0.23]","(-0.01, 0.23]","(-0.01, 0.22]","(-0.01, 0.23]","(-0.01, 0.25]","(0.77, 1.0]",Positive
"(19.75, 44.11]","(-0.01, 7.81]","(0.94, 190.68]","(-0.01, 0.17]","(-0.01, 0.15]","(0.0025, 0.21]","(-0.01, 154.77]","(0.89, 1.0]","(-0.01, 0.17]","(-0.01, 0.21]","(-0.01, 0.087]","(0.97, 1.0]","(0.8, 1.0]","(-0.01, 0.23]","(-0.01, 0.23]","(-0.01, 0.23]","(-0.01, 0.22]","(-0.01, 0.23]","(-0.01, 0.25]","(0.77, 1.0]",Positive
"(19.75, 44.11]","(-0.01, 7.81]","(0.94, 190.68]","(-0.01, 0.17]","(-0.01, 0.15]","(0.0025, 0.21]","(-0.01, 154.77]","(0.89, 1.0]","(-0.01, 0.17]","(-0.01, 0.21]","(-0.01, 0.087]","(0.97, 1.0]","(0.8, 1.0]","(-0.01, 0.23]","(-0.01, 0.23]","(-0.01, 0.23]","(-0.01, 0.22]","(-0.01, 0.23]","(-0.01, 0.25]","(0.77, 1.0]",Positive
"(19.75, 44.11]","(-0.01, 7.81]","(0.94, 190.68]","(-0.01, 0.17]","(-0.01, 0.15]","(0.0025, 0.21]","(-0.01, 154.77]","(0.89, 1.0]","(-0.01, 0.17]","(-0.01, 0.21]","(-0.01, 0.087]","(0.97, 1.0]","(0.8, 1.0]","(-0.01, 0.23]","(-0.01, 0.23]","(-0.01, 0.23]","(-0.01, 0.22]","(-0.01, 0.23]","(-0.01, 0.25]","(0.77, 1.0]",Positive
"(19.75, 44.11]","(-0.01, 7.81]","(0.94, 190.68]","(-0.01, 0.17]","(-0.01, 0.15]","(0.0025, 0.21]","(-0.01, 154.77]","(0.89, 1.0]","(-0.01, 0.17]","(-0.01, 0.21]","(-0.01, 0.087]","(0.97, 1.0]","(0.8, 1.0]","(-0.01, 0.23]","(-0.01, 0.23]","(-0.01, 0.23]","(-0.01, 0.22]","(-0.01, 0.23]","(-0.01, 0.25]","(0.77, 1.0]",Positive
"(19.75, 44.11]","(-0.01, 7.81]","(0.94, 190.68]","(-0.01, 0.17]","(-0.01, 0.15]","(-0.01, 0.0025]","(-0.01, 154.77]","(0.89, 1.0]","(-0.01, 0.17]","(-0.01, 0.21]","(-0.01, 0.087]","(0.97, 1.0]","(0.8, 1.0]","(-0.01, 0.23]","(-0.01, 0.23]","(-0.01, 0.23]","(-0.01, 0.22]","(-0.01, 0.23]","(-0.01, 0.25]","(0.77, 1.0]",Positive
"(19.75, 44.11]","(-0.01, 7.81]","(0.94, 190.68]","(-0.01, 0.17]","(-0.01, 0.15]","(-0.01, 0.0025]","(-0.01, 154.77]","(0.89, 1.0]","(-0.01, 0.17]","(-0.01, 0.21]","(-0.01, 0.087]","(0.97, 1.0]","(0.8, 1.0]","(-0.01, 0.23]","(-0.01, 0.23]","(-0.01, 0.23]","(-0.01, 0.22]","(-0.01, 0.23]","(-0.01, 0.25]","(0.77, 1.0]",Positive
"(19.75, 44.11]","(-0.01, 7.81]","(0.94, 190.68]","(-0.01, 0.17]","(-0.01, 0.15]","(-0.01, 0.0025]","(154.77, 194.48]","(0.89, 1.0]","(-0.01, 0.17]","(-0.01, 0.21]","(-0.01, 0.087]","(0.97, 1.0]","(0.8, 1.0]","(-0.01, 0.23]","(-0.01, 0.23]","(-0.01, 0.23]","(-0.01, 0.22]","(-0.01, 0.23]","(-0.01, 0.25]","(0.77, 1.0]",Negative
"(19.75, 44.11]","(-0.01, 7.81]","(0.94, 190.68]","(-0.01, 0.17]","(-0.01, 0.15]","(-0.01, 0.0025]","(-0.01, 154.77]","(0.89, 1.0]","(-0.01, 0.17]","(-0.01, 0.21]","(-0.01, 0.087]","(0.97, 1.0]","(0.8, 1.0]","(-0.01, 0.23]","(-0.01, 0.23]","(-0.01, 0.23]","(-0.01, 0.22]","(-0.01, 0.23]","(-0.01, 0.25]","(0.77, 1.0]",Negative
"(19.75, 44.11]","(-0.01, 7.81]","(0.94, 190.68]","(-0.01, 0.17]","(-0.01, 0.15]","(-0.01, 0.0025]","(154.77, 194.48]","(0.89, 1.0]","(-0.01, 0.17]","(-0.01, 0.21]","(-0.01, 0.087]","(0.97, 1.0]","(0.8, 1.0]","(-0.01, 0.23]","(-0.01, 0.23]","(-0.01, 0.23]","(-0.01, 0.22]","(-0.01, 0.23]","(-0.01, 0.25]","(0.77, 1.0]",Negative
"(19.75, 44.11]","(-0.01, 7.81]","(0.94, 190.68]","(-0.01, 0.17]","(-0.01, 0.15]","(-0.01, 0.0025]","(154.77, 194.48]","(0.89, 1.0]","(-0.01, 0.17]","(-0.01, 0.21]","(-0.01, 0.087]","(0.97, 1.0]","(0.8, 1.0]","(-0.01, 0.23]","(-0.01, 0.23]","(-0.01, 0.23]","(-0.01, 0.22]","(-0.01, 0.23]","(-0.01, 0.25]","(0.77, 1.0]",Negative
"(19.75, 44.11]","(-0.01, 7.81]","(0.94, 190.68]","(-0.01, 0.17]","(-0.01, 0.15]","(-0.01, 0.0025]","(-0.01, 154.77]","(0.89, 1.0]","(-0.01, 0.17]","(-0.01, 0.21]","(-0.01, 0.087]","(0.97, 1.0]","(0.8, 1.0]","(-0.01, 0.23]","(-0.01, 0.23]","(-0.01, 0.23]","(-0.01, 0.22]","(-0.01, 0.23]","(-0.01, 0.25]","(0.77, 1.0]",Negative
"(19.75, 44.11]","(-0.01, 7.81]","(0.94, 190.68]","(-0.01, 0.17]","(-0.01, 0.15]","(-0.01, 0.0025]","(-0.01, 154.77]","(0.89, 1.0]","(-0.01, 0.17]","(-0.01, 0.21]","(-0.01, 0.087]","(0.97, 1.0]","(0.8, 1.0]","(-0.01, 0.23]","(-0.01, 0.23]","(-0.01, 0.23]","(-0.01, 0.22]","(-0.01, 0.23]","(-0.01, 0.25]","(0.77, 1.0]",Positive
"(19.75, 44.11]","(-0.01, 7.81]","(0.94, 190.68]","(-0.01, 0.17]","(-0.01, 0.15]","(-0.01, 0.0025]","(-0.01, 154.77]","(0.89, 1.0]","(-0.01, 0.17]","(-0.01, 0.21]","(-0.01, 0.087]","(0.97, 1.0]","(0.8, 1.0]","(-0.01, 0.23]","(-0.01, 0.23]","(-0.01, 0.23]","(-0.01, 0.22]","(-0.01, 0.23]","(-0.01, 0.25]","(0.77, 1.0]",Negative
"(19.75, 44.11]","(-0.01, 7.81]","(0.94, 190.68]","(-0.01, 0.17]","(-0.01, 0.15]","(-0.01, 0.0025]","(154.77, 194.48]","(0.89, 1.0]","(-0.01, 0.17]","(-0.01, 0.21]","(-0.01, 0.087]","(0.97, 1.0]","(0.8, 1.0]","(-0.01, 0.23]","(-0.01, 0.23]","(-0.01, 0.23]","(-0.01, 0.22]","(-0.01, 0.23]","(-0.01, 0.25]","(0.77, 1.0]",Negative
"(19.75, 44.11]","(-0.01, 7.81]","(0.94, 190.68]","(-0.01, 0.17]","(-0.01, 0.15]","(-0.01, 0.0025]","(-0.01, 154.77]","(0.89, 1.0]","(-0.01, 0.17]","(-0.01, 0.21]","(-0.01, 0.087]","(0.97, 1.0]","(0.8, 1.0]","(-0.01, 0.23]","(-0.01, 0.23]","(-0.01, 0.23]","(-0.01, 0.22]","(-0.01, 0.23]","(-0.01, 0.25]","(0.77, 1.0]",Positive
"(19.75, 44.11]","(-0.01, 7.81]","(0.94, 190.68]","(-0.01, 0.17]","(-0.01, 0.15]","(-0.01, 0.0025]","(154.77, 194.48]","(0.89, 1.0]","(-0.01, 0.17]","(-0.01, 0.21]","(-0.01, 0.087]","(0.97, 1.0]","(0.8, 1.0]","(-0.01, 0.23]","(-0.01, 0.23]","(-0.01, 0.23]","(-0.01, 0.22]","(-0.01, 0.23]","(-0.01, 0.25]","(0.77, 1.0]",Negative
"(19.75, 44.11]","(-0.01, 7.81]","(0.94, 190.68]","(-0.01, 0.17]","(-0.01, 0.15]","(-0.01, 0.0025]","(-0.01, 154.77]","(0.89, 1.0]","(-0.01, 0.17]","(-0.01, 0.21]","(-0.01, 0.087]","(0.97, 1.0]","(0.8, 1.0]","(-0.01, 0.23]","(-0.01, 0.23]","(-0.01, 0.23]","(-0.01, 0.22]","(-0.01, 0.23]","(-0.01, 0.25]","(0.77, 1.0]",Positive
"(19.75, 44.11]","(-0.01, 7.81]","(0.94, 190.68]","(-0.01, 0.17]","(-0.01, 0.15]","(-0.01, 0.0025]","(154.77, 194.48]","(0.89, 1.0]","(-0.01, 0.17]","(-0.01, 0.21]","(-0.01, 0.087]","(0.97, 1.0]","(0.8, 1.0]","(-0.01, 0.23]","(-0.01, 0.23]","(-0.01, 0.23]","(-0.01, 0.22]","(-0.01, 0.23]","(-0.01, 0.25]","(0.77, 1.0]",Negative
"(19.75, 44.11]","(-0.01, 7.81]","(0.94, 190.68]","(-0.01, 0.17]","(-0.01, 0.15]","(-0.01, 0.0025]","(-0.01, 154.77]","(0.89, 1.0]","(-0.01, 0.17]","(-0.01, 0.21]","(-0.01, 0.087]","(0.97, 1.0]","(0.8, 1.0]","(-0.01, 0.23]","(-0.01, 0.23]","(-0.01, 0.23]","(-0.01, 0.22]","(-0.01, 0.23]","(-0.01, 0.25]","(0.77, 1.0]",Negative
"(19.75, 44.11]","(-0.01, 7.81]","(0.94, 190.68]","(-0.01, 0.17]","(-0.01, 0.15]","(-0.01, 0.0025]","(-0.01, 154.77]","(0.89, 1.0]","(-0.01, 0.17]","(-0.01, 0.21]","(-0.01, 0.087]","(0.97, 1.0]","(0.8, 1.0]","(-0.01, 0.23]","(-0.01, 0.23]","(-0.01, 0.23]","(-0.01, 0.22]","(-0.01, 0.23]","(-0.01, 0.25]","(0.77, 1.0]",Negative
"(19.75, 44.11]","(-0.01, 7.81]","(0.94, 190.68]","(-0.01, 0.17]","(-0.01, 0.15]","(-0.01, 0.0025]","(-0.01, 154.77]","(0.89, 1.0]","(-0.01, 0.17]","(-0.01, 0.21]","(-0.01, 0.087]","(0.97, 1.0]","(0.8, 1.0]","(-0.01, 0.23]","(-0.01, 0.23]","(-0.01, 0.23]","(-0.01, 0.22]","(-0.01, 0.23]","(-0.01, 0.25]","(0.77, 1.0]",Negative
"(19.75, 44.11]","(-0.01, 7.81]","(0.94, 190.68]","(-0.01, 0.17]","(-0.01, 0.15]","(-0.01, 0.0025]","(-0.01, 154.77]","(0.89, 1.0]","(-0.01, 0.17]","(-0.01, 0.21]","(-0.01, 0.087]","(0.97, 1.0]","(0.8, 1.0]","(-0.01, 0.23]","(-0.01, 0.23]","(-0.01, 0.23]","(-0.01, 0.22]","(-0.01, 0.23]","(-0.01, 0.25]","(0.77, 1.0]",Negative
"(19.75, 44.11]","(-0.01, 7.81]","(0.94, 190.68]","(-0.01, 0.17]","(-0.01, 0.15]","(-0.01, 0.0025]","(-0.01, 154.77]","(0.89, 1.0]","(-0.01, 0.17]","(-0.01, 0.21]","(-0.01, 0.087]","(0.97, 1.0]","(0.8, 1.0]","(-0.01, 0.23]","(-0.01, 0.23]","(-0.01, 0.23]","(-0.01, 0.22]","(-0.01, 0.23]","(-0.01, 0.25]","(0.77, 1.0]",Negative
"(19.75, 44.11]","(-0.01, 7.81]","(0.94, 190.68]","(-0.01, 0.17]","(-0.01, 0.15]","(-0.01, 0.0025]","(-0.01, 154.77]","(0.89, 1.0]","(-0.01, 0.17]","(-0.01, 0.21]","(-0.01, 0.087]","(0.97, 1.0]","(0.8, 1.0]","(-0.01, 0.23]","(-0.01, 0.23]","(-0.01, 0.23]","(-0.01, 0.22]","(-0.01, 0.23]","(-0.01, 0.25]","(0.77, 1.0]",Negative
"(19.75, 44.11]","(-0.01, 7.81]","(0.94, 190.68]","(-0.01, 0.17]","(-0.01, 0.15]","(-0.01, 0.0025]","(-0.01, 154.77]","(0.89, 1.0]","(-0.01, 0.17]","(-0.01, 0.21]","(-0.01, 0.087]","(0.97, 1.0]","(0.8, 1.0]","(-0.01, 0.23]","(-0.01, 0.23]","(-0.01, 0.23]","(-0.01, 0.22]","(-0.01, 0.23]","(-0.01, 0.25]","(0.77, 1.0]",Negative
"(19.75, 44.11]","(-0.01, 7.81]","(0.94, 190.68]","(-0.01, 0.17]","(-0.01, 0.15]","(-0.01, 0.0025]","(-0.01, 154.77]","(0.74, 0.89]","(-0.01, 0.17]","(-0.01, 0.21]","(-0.01, 0.087]","(0.97, 1.0]","(0.8, 1.0]","(-0.01, 0.23]","(-0.01, 0.23]","(-0.01, 0.23]","(-0.01, 0.22]","(-0.01, 0.23]","(-0.01, 0.25]","(0.77, 1.0]",Negative
"(19.75, 44.11]","(-0.01, 7.81]","(0.94, 190.68]","(-0.01, 0.17]","(-0.01, 0.15]","(-0.01, 0.0025]","(-0.01, 154.77]","(0.74, 0.89]","(-0.01, 0.17]","(-0.01, 0.21]","(-0.01, 0.087]","(0.97, 1.0]","(0.8, 1.0]","(-0.01, 0.23]","(-0.01, 0.23]","(-0.01, 0.23]","(-0.01, 0.22]","(-0.01, 0.23]","(-0.01, 0.25]","(0.77, 1.0]",Negative
"(19.75, 44.11]","(-0.01, 7.81]","(0.94, 190.68]","(-0.01, 0.17]","(-0.01, 0.15]","(-0.01, 0.0025]","(-0.01, 154.77]","(0.89, 1.0]","(-0.01, 0.17]","(-0.01, 0.21]","(-0.01, 0.087]","(0.97, 1.0]","(0.8, 1.0]","(-0.01, 0.23]","(-0.01, 0.23]","(-0.01, 0.23]","(-0.01, 0.22]","(-0.01, 0.23]","(-0.01, 0.25]","(0.77, 1.0]",Negative
"(19.75, 44.11]","(-0.01, 7.81]","(0.94, 190.68]","(-0.01, 0.17]","(-0.01, 0.15]","(-0.01, 0.0025]","(-0.01, 154.77]","(0.89, 1.0]","(-0.01, 0.17]","(-0.01, 0.21]","(-0.01, 0.087]","(0.97, 1.0]","(0.8, 1.0]","(-0.01, 0.23]","(-0.01, 0.23]","(-0.01, 0.23]","(-0.01, 0.22]","(-0.01, 0.23]","(-0.01, 0.25]","(0.77, 1.0]",Negative
"(19.75, 44.11]","(-0.01, 7.81]","(0.94, 190.68]","(-0.01, 0.17]","(-0.01, 0.15]","(-0.01, 0.0025]","(-0.01, 154.77]","(0.74, 0.89]","(-0.01, 0.17]","(-0.01, 0.21]","(-0.01, 0.087]","(0.97, 1.0]","(0.8, 1.0]","(-0.01, 0.23]","(-0.01, 0.23]","(-0.01, 0.23]","(-0.01, 0.22]","(-0.01, 0.23]","(-0.01, 0.25]","(0.77, 1.0]",Negative
"(19.75, 44.11]","(-0.01, 7.81]","(0.94, 190.68]","(-0.01, 0.17]","(-0.01, 0.15]","(-0.01, 0.0025]","(-0.01, 154.77]","(0.74, 0.89]","(-0.01, 0.17]","(-0.01, 0.21]","(-0.01, 0.087]","(0.97, 1.0]","(0.8, 1.0]","(-0.01, 0.23]","(-0.01, 0.23]","(-0.01, 0.23]","(-0.01, 0.22]","(-0.01, 0.23]","(-0.01, 0.25]","(0.77, 1.0]",Negative
"(19.75, 44.11]","(-0.01, 7.81]","(0.94, 190.68]","(-0.01, 0.17]","(-0.01, 0.15]","(-0.01, 0.0025]","(-0.01, 154.77]","(0.89, 1.0]","(-0.01, 0.17]","(-0.01, 0.21]","(-0.01, 0.087]","(0.97, 1.0]","(0.8, 1.0]","(-0.01, 0.23]","(-0.01, 0.23]","(-0.01, 0.23]","(-0.01, 0.22]","(-0.01, 0.23]","(-0.01, 0.25]","(0.77, 1.0]",Negative
"(19.75, 44.11]","(-0.01, 7.81]","(0.94, 190.68]","(-0.01, 0.17]","(-0.01, 0.15]","(-0.01, 0.0025]","(-0.01, 154.77]","(0.74, 0.89]","(-0.01, 0.17]","(-0.01, 0.21]","(-0.01, 0.087]","(0.97, 1.0]","(0.8, 1.0]","(-0.01, 0.23]","(-0.01, 0.23]","(-0.01, 0.23]","(-0.01, 0.22]","(-0.01, 0.23]","(-0.01, 0.25]","(0.77, 1.0]",Negative
"(19.75, 44.11]","(-0.01, 7.81]","(0.94, 190.68]","(-0.01, 0.17]","(-0.01, 0.15]","(-0.01, 0.0025]","(-0.01, 154.77]","(0.89, 1.0]","(-0.01, 0.17]","(-0.01, 0.21]","(-0.01, 0.087]","(0.97, 1.0]","(0.8, 1.0]","(-0.01, 0.23]","(-0.01, 0.23]","(-0.01, 0.23]","(-0.01, 0.22]","(-0.01, 0.23]","(-0.01, 0.25]","(0.77, 1.0]",Negative
"(19.75, 44.11]","(-0.01, 7.81]","(0.94, 190.68]","(-0.01, 0.17]","(-0.01, 0.15]","(-0.01, 0.0025]","(-0.01, 154.77]","(0.74, 0.89]","(-0.01, 0.17]","(-0.01, 0.21]","(-0.01, 0.087]","(0.97, 1.0]","(0.8, 1.0]","(-0.01, 0.23]","(-0.01, 0.23]","(-0.01, 0.23]","(-0.01, 0.22]","(-0.01, 0.23]","(-0.01, 0.25]","(0.77, 1.0]",Negative
"(19.75, 44.11]","(-0.01, 7.81]","(0.94, 190.68]","(-0.01, 0.17]","(-0.01, 0.15]","(-0.01, 0.0025]","(-0.01, 154.77]","(0.74, 0.89]","(0.17, 0.25]","(-0.01, 0.21]","(-0.01, 0.087]","(0.97, 1.0]","(0.8, 1.0]","(-0.01, 0.23]","(-0.01, 0.23]","(-0.01, 0.23]","(-0.01, 0.22]","(-0.01, 0.23]","(-0.01, 0.25]","(0.77, 1.0]",Negative
"(19.75, 44.11]","(-0.01, 7.81]","(0.94, 190.68]","(-0.01, 0.17]","(-0.01, 0.15]","(-0.01, 0.0025]","(-0.01, 154.77]","(0.74, 0.89]","(0.17, 0.25]","(-0.01, 0.21]","(-0.01, 0.087]","(0.97, 1.0]","(0.8, 1.0]","(-0.01, 0.23]","(-0.01, 0.23]","(-0.01, 0.23]","(-0.01, 0.22]","(-0.01, 0.23]","(-0.01, 0.25]","(0.77, 1.0]",Negative
"(19.75, 44.11]","(-0.01, 7.81]","(0.94, 190.68]","(-0.01, 0.17]","(-0.01, 0.15]","(-0.01, 0.0025]","(-0.01, 154.77]","(0.74, 0.89]","(0.17, 0.25]","(-0.01, 0.21]","(-0.01, 0.087]","(0.97, 1.0]","(0.8, 1.0]","(-0.01, 0.23]","(-0.01, 0.23]","(-0.01, 0.23]","(-0.01, 0.22]","(-0.01, 0.23]","(-0.01, 0.25]","(0.77, 1.0]",Negative
"(19.75, 44.11]","(-0.01, 7.81]","(0.94, 190.68]","(-0.01, 0.17]","(-0.01, 0.15]","(-0.01, 0.0025]","(-0.01, 154.77]","(0.74, 0.89]","(-0.01, 0.17]","(-0.01, 0.21]","(-0.01, 0.087]","(0.97, 1.0]","(0.8, 1.0]","(-0.01, 0.23]","(-0.01, 0.23]","(-0.01, 0.23]","(-0.01, 0.22]","(-0.01, 0.23]","(-0.01, 0.25]","(0.77, 1.0]",Negative
"(19.75, 44.11]","(-0.01, 7.81]","(0.94, 190.68]","(-0.01, 0.17]","(-0.01, 0.15]","(-0.01, 0.0025]","(-0.01, 154.77]","(0.74, 0.89]","(-0.01, 0.17]","(-0.01, 0.21]","(-0.01, 0.087]","(0.97, 1.0]","(0.8, 1.0]","(-0.01, 0.23]","(-0.01, 0.23]","(-0.01, 0.23]","(-0.01, 0.22]","(-0.01, 0.23]","(-0.01, 0.25]","(0.77, 1.0]",Negative
"(19.75, 44.11]","(-0.01, 7.81]","(0.94, 190.68]","(-0.01, 0.17]","(-0.01, 0.15]","(-0.01, 0.0025]","(-0.01, 154.77]","(0.74, 0.89]","(-0.01, 0.17]","(-0.01, 0.21]","(-0.01, 0.087]","(0.97, 1.0]","(0.8, 1.0]","(-0.01, 0.23]","(-0.01, 0.23]","(-0.01, 0.23]","(-0.01, 0.22]","(-0.01, 0.23]","(-0.01, 0.25]","(0.77, 1.0]",Negative
"(19.75, 44.11]","(-0.01, 7.81]","(0.94, 190.68]","(-0.01, 0.17]","(-0.01, 0.15]","(-0.01, 0.0025]","(-0.01, 154.77]","(0.74, 0.89]","(-0.01, 0.17]","(-0.01, 0.21]","(-0.01, 0.087]","(0.97, 1.0]","(0.8, 1.0]","(-0.01, 0.23]","(-0.01, 0.23]","(-0.01, 0.23]","(-0.01, 0.22]","(-0.01, 0.23]","(-0.01, 0.25]","(0.77, 1.0]",Negative
"(19.75, 44.11]","(-0.01, 7.81]","(0.94, 190.68]","(-0.01, 0.17]","(-0.01, 0.15]","(-0.01, 0.0025]","(-0.01, 154.77]","(0.74, 0.89]","(-0.01, 0.17]","(-0.01, 0.21]","(-0.01, 0.087]","(0.97, 1.0]","(0.8, 1.0]","(-0.01, 0.23]","(-0.01, 0.23]","(-0.01, 0.23]","(-0.01, 0.22]","(-0.01, 0.23]","(-0.01, 0.25]","(0.77, 1.0]",Negative
"(19.75, 44.11]","(-0.01, 7.81]","(0.94, 190.68]","(-0.01, 0.17]","(-0.01, 0.15]","(-0.01, 0.0025]","(-0.01, 154.77]","(0.74, 0.89]","(-0.01, 0.17]","(-0.01, 0.21]","(-0.01, 0.087]","(0.97, 1.0]","(0.8, 1.0]","(-0.01, 0.23]","(-0.01, 0.23]","(-0.01, 0.23]","(-0.01, 0.22]","(-0.01, 0.23]","(-0.01, 0.25]","(0.77, 1.0]",Negative
"(19.75, 44.11]","(-0.01, 7.81]","(0.94, 190.68]","(-0.01, 0.17]","(-0.01, 0.15]","(-0.01, 0.0025]","(-0.01, 154.77]","(0.74, 0.89]","(-0.01, 0.17]","(-0.01, 0.21]","(-0.01, 0.087]","(0.97, 1.0]","(0.8, 1.0]","(-0.01, 0.23]","(-0.01, 0.23]","(-0.01, 0.23]","(-0.01, 0.22]","(-0.01, 0.23]","(-0.01, 0.25]","(0.77, 1.0]",Negative
"(19.75, 44.11]","(-0.01, 7.81]","(0.94, 190.68]","(-0.01, 0.17]","(-0.01, 0.15]","(-0.01, 0.0025]","(-0.01, 154.77]","(0.74, 0.89]","(-0.01, 0.17]","(-0.01, 0.21]","(-0.01, 0.087]","(0.97, 1.0]","(0.8, 1.0]","(-0.01, 0.23]","(-0.01, 0.23]","(-0.01, 0.23]","(-0.01, 0.22]","(-0.01, 0.23]","(-0.01, 0.25]","(0.77, 1.0]",Negative
"(19.75, 44.11]","(-0.01, 7.81]","(0.94, 190.68]","(-0.01, 0.17]","(-0.01, 0.15]","(-0.01, 0.0025]","(-0.01, 154.77]","(0.74, 0.89]","(-0.01, 0.17]","(-0.01, 0.21]","(-0.01, 0.087]","(0.97, 1.0]","(0.8, 1.0]","(-0.01, 0.23]","(-0.01, 0.23]","(-0.01, 0.23]","(-0.01, 0.22]","(-0.01, 0.23]","(-0.01, 0.25]","(0.77, 1.0]",Negative
"(19.75, 44.11]","(-0.01, 7.81]","(0.94, 190.68]","(-0.01, 0.17]","(-0.01, 0.15]","(-0.01, 0.0025]","(-0.01, 154.77]","(0.74, 0.89]","(-0.01, 0.17]","(-0.01, 0.21]","(-0.01, 0.087]","(0.97, 1.0]","(0.8, 1.0]","(-0.01, 0.23]","(-0.01, 0.23]","(-0.01, 0.23]","(-0.01, 0.22]","(-0.01, 0.23]","(-0.01, 0.25]","(0.77, 1.0]",Negative
"(19.75, 44.11]","(-0.01, 7.81]","(0.94, 190.68]","(-0.01, 0.17]","(-0.01, 0.15]","(-0.01, 0.0025]","(-0.01, 154.77]","(0.74, 0.89]","(0.17, 0.25]","(-0.01, 0.21]","(-0.01, 0.087]","(0.97, 1.0]","(0.8, 1.0]","(-0.01, 0.23]","(-0.01, 0.23]","(-0.01, 0.23]","(-0.01, 0.22]","(-0.01, 0.23]","(-0.01, 0.25]","(0.77, 1.0]",Negative
"(19.75, 44.11]","(-0.01, 7.81]","(0.94, 190.68]","(-0.01, 0.17]","(-0.01, 0.15]","(-0.01, 0.0025]","(-0.01, 154.77]","(0.74, 0.89]","(-0.01, 0.17]","(-0.01, 0.21]","(-0.01, 0.087]","(0.97, 1.0]","(0.8, 1.0]","(-0.01, 0.23]","(-0.01, 0.23]","(-0.01, 0.23]","(-0.01, 0.22]","(-0.01, 0.23]","(-0.01, 0.25]","(0.77, 1.0]",Negative
"(19.75, 44.11]","(-0.01, 7.81]","(0.94, 190.68]","(-0.01, 0.17]","(-0.01, 0.15]","(-0.01, 0.0025]","(-0.01, 154.77]","(0.74, 0.89]","(-0.01, 0.17]","(0.21, 0.25]","(-0.01, 0.087]","(0.97, 1.0]","(0.8, 1.0]","(-0.01, 0.23]","(-0.01, 0.23]","(-0.01, 0.23]","(-0.01, 0.22]","(-0.01, 0.23]","(-0.01, 0.25]","(0.77, 1.0]",Negative
"(19.75, 44.11]","(-0.01, 7.81]","(0.94, 190.68]","(-0.01, 0.17]","(-0.01, 0.15]","(-0.01, 0.0025]","(-0.01, 154.77]","(0.74, 0.89]","(-0.01, 0.17]","(-0.01, 0.21]","(-0.01, 0.087]","(0.97, 1.0]","(0.8, 1.0]","(-0.01, 0.23]","(-0.01, 0.23]","(-0.01, 0.23]","(-0.01, 0.22]","(-0.01, 0.23]","(-0.01, 0.25]","(0.77, 1.0]",Negative
"(19.75, 44.11]","(-0.01, 7.81]","(0.94, 190.68]","(-0.01, 0.17]","(-0.01, 0.15]","(-0.01, 0.0025]","(-0.01, 154.77]","(0.74, 0.89]","(-0.01, 0.17]","(-0.01, 0.21]","(-0.01, 0.087]","(0.97, 1.0]","(0.8, 1.0]","(-0.01, 0.23]","(-0.01, 0.23]","(-0.01, 0.23]","(-0.01, 0.22]","(-0.01, 0.23]","(-0.01, 0.25]","(0.77, 1.0]",Negative
"(19.75, 44.11]","(-0.01, 7.81]","(0.94, 190.68]","(-0.01, 0.17]","(-0.01, 0.15]","(-0.01, 0.0025]","(-0.01, 154.77]","(0.74, 0.89]","(-0.01, 0.17]","(0.21, 0.25]","(-0.01, 0.087]","(0.97, 1.0]","(0.8, 1.0]","(-0.01, 0.23]","(-0.01, 0.23]","(-0.01, 0.23]","(-0.01, 0.22]","(-0.01, 0.23]","(-0.01, 0.25]","(0.77, 1.0]",Negative
"(19.75, 44.11]","(-0.01, 7.81]","(0.94, 190.68]","(-0.01, 0.17]","(-0.01, 0.15]","(-0.01, 0.0025]","(-0.01, 154.77]","(0.74, 0.89]","(-0.01, 0.17]","(0.21, 0.25]","(-0.01, 0.087]","(0.97, 1.0]","(0.8, 1.0]","(-0.01, 0.23]","(-0.01, 0.23]","(-0.01, 0.23]","(-0.01, 0.22]","(-0.01, 0.23]","(-0.01, 0.25]","(0.77, 1.0]",Negative
"(19.75, 44.11]","(-0.01, 7.81]","(0.94, 190.68]","(-0.01, 0.17]","(-0.01, 0.15]","(-0.01, 0.0025]","(-0.01, 154.77]","(0.74, 0.89]","(-0.01, 0.17]","(-0.01, 0.21]","(-0.01, 0.087]","(0.97, 1.0]","(0.8, 1.0]","(-0.01, 0.23]","(-0.01, 0.23]","(-0.01, 0.23]","(-0.01, 0.22]","(-0.01, 0.23]","(-0.01, 0.25]","(0.77, 1.0]",Negative
"(19.75, 44.11]","(-0.01, 7.81]","(0.94, 190.68]","(-0.01, 0.17]","(-0.01, 0.15]","(-0.01, 0.0025]","(-0.01, 154.77]","(0.74, 0.89]","(-0.01, 0.17]","(-0.01, 0.21]","(-0.01, 0.087]","(0.97, 1.0]","(0.8, 1.0]","(-0.01, 0.23]","(-0.01, 0.23]","(-0.01, 0.23]","(-0.01, 0.22]","(-0.01, 0.23]","(-0.01, 0.25]","(0.77, 1.0]",Negative
"(19.75, 44.11]","(-0.01, 7.81]","(0.94, 190.68]","(-0.01, 0.17]","(-0.01, 0.15]","(-0.01, 0.0025]","(-0.01, 154.77]","(0.74, 0.89]","(-0.01, 0.17]","(-0.01, 0.21]","(-0.01, 0.087]","(0.97, 1.0]","(0.8, 1.0]","(-0.01, 0.23]","(-0.01, 0.23]","(-0.01, 0.23]","(-0.01, 0.22]","(-0.01, 0.23]","(-0.01, 0.25]","(0.77, 1.0]",Negative
"(19.75, 44.11]","(-0.01, 7.81]","(0.94, 190.68]","(-0.01, 0.17]","(-0.01, 0.15]","(-0.01, 0.0025]","(-0.01, 154.77]","(0.74, 0.89]","(-0.01, 0.17]","(-0.01, 0.21]","(-0.01, 0.087]","(0.97, 1.0]","(0.8, 1.0]","(-0.01, 0.23]","(-0.01, 0.23]","(-0.01, 0.23]","(-0.01, 0.22]","(-0.01, 0.23]","(-0.01, 0.25]","(0.77, 1.0]",Negative
"(19.75, 44.11]","(-0.01, 7.81]","(0.94, 190.68]","(-0.01, 0.17]","(-0.01, 0.15]","(-0.01, 0.0025]","(-0.01, 154.77]","(0.74, 0.89]","(-0.01, 0.17]","(-0.01, 0.21]","(-0.01, 0.087]","(0.97, 1.0]","(0.8, 1.0]","(-0.01, 0.23]","(-0.01, 0.23]","(-0.01, 0.23]","(-0.01, 0.22]","(-0.01, 0.23]","(-0.01, 0.25]","(0.77, 1.0]",Negative
"(19.75, 44.11]","(-0.01, 7.81]","(0.94, 190.68]","(-0.01, 0.17]","(-0.01, 0.15]","(-0.01, 0.0025]","(-0.01, 154.77]","(0.74, 0.89]","(-0.01, 0.17]","(-0.01, 0.21]","(-0.01, 0.087]","(0.97, 1.0]","(0.8, 1.0]","(-0.01, 0.23]","(-0.01, 0.23]","(-0.01, 0.23]","(-0.01, 0.22]","(-0.01, 0.23]","(-0.01, 0.25]","(0.77, 1.0]",Negative
"(19.75, 44.11]","(-0.01, 7.81]","(0.94, 190.68]","(-0.01, 0.17]","(-0.01, 0.15]","(-0.01, 0.0025]","(-0.01, 154.77]","(0.74, 0.89]","(-0.01, 0.17]","(0.21, 0.25]","(-0.01, 0.087]","(0.97, 1.0]","(0.8, 1.0]","(-0.01, 0.23]","(-0.01, 0.23]","(-0.01, 0.23]","(-0.01, 0.22]","(-0.01, 0.23]","(-0.01, 0.25]","(0.77, 1.0]",Negative
"(19.75, 44.11]","(-0.01, 7.81]","(0.94, 190.68]","(-0.01, 0.17]","(-0.01, 0.15]","(-0.01, 0.0025]","(-0.01, 154.77]","(0.74, 0.89]","(-0.01, 0.17]","(-0.01, 0.21]","(-0.01, 0.087]","(0.97, 1.0]","(0.8, 1.0]","(-0.01, 0.23]","(-0.01, 0.23]","(-0.01, 0.23]","(-0.01, 0.22]","(-0.01, 0.23]","(-0.01, 0.25]","(0.77, 1.0]",Negative
"(19.75, 44.11]","(-0.01, 7.81]","(0.94, 190.68]","(-0.01, 0.17]","(-0.01, 0.15]","(-0.01, 0.0025]","(-0.01, 154.77]","(0.74, 0.89]","(-0.01, 0.17]","(-0.01, 0.21]","(-0.01, 0.087]","(0.97, 1.0]","(0.8, 1.0]","(-0.01, 0.23]","(-0.01, 0.23]","(-0.01, 0.23]","(-0.01, 0.22]","(-0.01, 0.23]","(-0.01, 0.25]","(0.77, 1.0]",Negative
"(19.75, 44.11]","(-0.01, 7.81]","(0.94, 190.68]","(-0.01, 0.17]","(-0.01, 0.15]","(-0.01, 0.0025]","(-0.01, 154.77]","(0.74, 0.89]","(-0.01, 0.17]","(-0.01, 0.21]","(-0.01, 0.087]","(0.97, 1.0]","(0.8, 1.0]","(-0.01, 0.23]","(-0.01, 0.23]","(-0.01, 0.23]","(-0.01, 0.22]","(-0.01, 0.23]","(-0.01, 0.25]","(0.77, 1.0]",Negative
"(19.75, 44.11]","(-0.01, 7.81]","(0.94, 190.68]","(-0.01, 0.17]","(-0.01, 0.15]","(-0.01, 0.0025]","(-0.01, 154.77]","(0.74, 0.89]","(-0.01, 0.17]","(-0.01, 0.21]","(0.087, 0.22]","(0.97, 1.0]","(0.8, 1.0]","(-0.01, 0.23]","(-0.01, 0.23]","(-0.01, 0.23]","(-0.01, 0.22]","(-0.01, 0.23]","(-0.01, 0.25]","(0.77, 1.0]",Negative
"(19.75, 44.11]","(-0.01, 7.81]","(0.94, 190.68]","(-0.01, 0.17]","(-0.01, 0.15]","(-0.01, 0.0025]","(-0.01, 154.77]","(0.74, 0.89]","(-0.01, 0.17]","(-0.01, 0.21]","(-0.01, 0.087]","(0.97, 1.0]","(0.8, 1.0]","(-0.01, 0.23]","(-0.01, 0.23]","(-0.01, 0.23]","(-0.01, 0.22]","(-0.01, 0.23]","(-0.01, 0.25]","(0.77, 1.0]",Negative
"(19.75, 44.11]","(-0.01, 7.81]","(0.94, 190.68]","(-0.01, 0.17]","(-0.01, 0.15]","(-0.01, 0.0025]","(-0.01, 154.77]","(0.74, 0.89]","(-0.01, 0.17]","(-0.01, 0.21]","(0.087, 0.22]","(0.97, 1.0]","(0.8, 1.0]","(-0.01, 0.23]","(-0.01, 0.23]","(-0.01, 0.23]","(-0.01, 0.22]","(-0.01, 0.23]","(-0.01, 0.25]","(0.77, 1.0]",Negative
"(19.75, 44.11]","(-0.01, 7.81]","(0.94, 190.68]","(-0.01, 0.17]","(-0.01, 0.15]","(-0.01, 0.0025]","(-0.01, 154.77]","(0.74, 0.89]","(-0.01, 0.17]","(-0.01, 0.21]","(-0.01, 0.087]","(0.97, 1.0]","(0.8, 1.0]","(-0.01, 0.23]","(-0.01, 0.23]","(-0.01, 0.23]","(-0.01, 0.22]","(-0.01, 0.23]","(-0.01, 0.25]","(0.77, 1.0]",Negative
"(19.75, 44.11]","(-0.01, 7.81]","(0.94, 190.68]","(-0.01, 0.17]","(-0.01, 0.15]","(-0.01, 0.0025]","(-0.01, 154.77]","(0.74, 0.89]","(-0.01, 0.17]","(-0.01, 0.21]","(0.087, 0.22]","(0.97, 1.0]","(0.8, 1.0]","(-0.01, 0.23]","(-0.01, 0.23]","(-0.01, 0.23]","(-0.01, 0.22]","(-0.01, 0.23]","(-0.01, 0.25]","(0.77, 1.0]",Negative
"(19.75, 44.11]","(-0.01, 7.81]","(0.94, 190.68]","(-0.01, 0.17]","(-0.01, 0.15]","(-0.01, 0.0025]","(-0.01, 154.77]","(0.74, 0.89]","(-0.01, 0.17]","(-0.01, 0.21]","(0.087, 0.22]","(0.97, 1.0]","(0.8, 1.0]","(-0.01, 0.23]","(-0.01, 0.23]","(-0.01, 0.23]","(-0.01, 0.22]","(-0.01, 0.23]","(-0.01, 0.25]","(0.77, 1.0]",Negative
"(19.75, 44.11]","(-0.01, 7.81]","(0.94, 190.68]","(-0.01, 0.17]","(-0.01, 0.15]","(-0.01, 0.0025]","(-0.01, 154.77]","(0.74, 0.89]","(-0.01, 0.17]","(-0.01, 0.21]","(0.087, 0.22]","(0.97, 1.0]","(0.8, 1.0]","(-0.01, 0.23]","(-0.01, 0.23]","(-0.01, 0.23]","(-0.01, 0.22]","(-0.01, 0.23]","(-0.01, 0.25]","(0.77, 1.0]",Negative
"(19.75, 44.11]","(-0.01, 7.81]","(0.94, 190.68]","(-0.01, 0.17]","(-0.01, 0.15]","(-0.01, 0.0025]","(-0.01, 154.77]","(0.74, 0.89]","(-0.01, 0.17]","(-0.01, 0.21]","(0.087, 0.22]","(0.97, 1.0]","(0.8, 1.0]","(-0.01, 0.23]","(-0.01, 0.23]","(-0.01, 0.23]","(-0.01, 0.22]","(-0.01, 0.23]","(-0.01, 0.25]","(0.77, 1.0]",Negative
"(19.75, 44.11]","(-0.01, 7.81]","(0.94, 190.68]","(-0.01, 0.17]","(-0.01, 0.15]","(-0.01, 0.0025]","(-0.01, 154.77]","(0.74, 0.89]","(-0.01, 0.17]","(-0.01, 0.21]","(0.087, 0.22]","(0.97, 1.0]","(0.8, 1.0]","(-0.01, 0.23]","(-0.01, 0.23]","(-0.01, 0.23]","(-0.01, 0.22]","(-0.01, 0.23]","(-0.01, 0.25]","(0.77, 1.0]",Negative
"(19.75, 44.11]","(-0.01, 7.81]","(0.94, 190.68]","(-0.01, 0.17]","(-0.01, 0.15]","(-0.01, 0.0025]","(-0.01, 154.77]","(0.74, 0.89]","(-0.01, 0.17]","(-0.01, 0.21]","(0.087, 0.22]","(0.97, 1.0]","(0.8, 1.0]","(-0.01, 0.23]","(-0.01, 0.23]","(-0.01, 0.23]","(-0.01, 0.22]","(-0.01, 0.23]","(-0.01, 0.25]","(0.77, 1.0]",Negative
"(19.75, 44.11]","(-0.01, 7.81]","(0.94, 190.68]","(-0.01, 0.17]","(-0.01, 0.15]","(-0.01, 0.0025]","(-0.01, 154.77]","(0.74, 0.89]","(-0.01, 0.17]","(-0.01, 0.21]","(-0.01, 0.087]","(0.97, 1.0]","(0.8, 1.0]","(-0.01, 0.23]","(-0.01, 0.23]","(-0.01, 0.23]","(-0.01, 0.22]","(-0.01, 0.23]","(-0.01, 0.25]","(0.77, 1.0]",Negative
"(19.75, 44.11]","(-0.01, 7.81]","(0.94, 190.68]","(-0.01, 0.17]","(-0.01, 0.15]","(-0.01, 0.0025]","(-0.01, 154.77]","(0.74, 0.89]","(-0.01, 0.17]","(-0.01, 0.21]","(-0.01, 0.087]","(0.97, 1.0]","(0.8, 1.0]","(-0.01, 0.23]","(-0.01, 0.23]","(-0.01, 0.23]","(-0.01, 0.22]","(-0.01, 0.23]","(-0.01, 0.25]","(0.77, 1.0]",Negative
"(19.75, 44.11]","(-0.01, 7.81]","(0.94, 190.68]","(-0.01, 0.17]","(-0.01, 0.15]","(-0.01, 0.0025]","(-0.01, 154.77]","(0.74, 0.89]","(-0.01, 0.17]","(-0.01, 0.21]","(0.087, 0.22]","(0.97, 1.0]","(0.8, 1.0]","(-0.01, 0.23]","(-0.01, 0.23]","(-0.01, 0.23]","(-0.01, 0.22]","(-0.01, 0.23]","(-0.01, 0.25]","(0.77, 1.0]",Negative
"(19.75, 44.11]","(-0.01, 7.81]","(0.94, 190.68]","(-0.01, 0.17]","(-0.01, 0.15]","(-0.01, 0.0025]","(-0.01, 154.77]","(0.74, 0.89]","(-0.01, 0.17]","(-0.01, 0.21]","(-0.01, 0.087]","(0.97, 1.0]","(0.8, 1.0]","(-0.01, 0.23]","(-0.01, 0.23]","(-0.01, 0.23]","(-0.01, 0.22]","(-0.01, 0.23]","(-0.01, 0.25]","(0.77, 1.0]",Negative
"(19.75, 44.11]","(-0.01, 7.81]","(0.94, 190.68]","(-0.01, 0.17]","(-0.01, 0.15]","(-0.01, 0.0025]","(-0.01, 154.77]","(0.74, 0.89]","(-0.01, 0.17]","(-0.01, 0.21]","(-0.01, 0.087]","(0.97, 1.0]","(0.8, 1.0]","(-0.01, 0.23]","(-0.01, 0.23]","(-0.01, 0.23]","(-0.01, 0.22]","(-0.01, 0.23]","(-0.01, 0.25]","(0.77, 1.0]",Negative
"(19.75, 44.11]","(-0.01, 7.81]","(0.94, 190.68]","(-0.01, 0.17]","(-0.01, 0.15]","(-0.01, 0.0025]","(-0.01, 154.77]","(0.74, 0.89]","(-0.01, 0.17]","(-0.01, 0.21]","(-0.01, 0.087]","(0.77, 0.97]","(0.8, 1.0]","(-0.01, 0.23]","(-0.01, 0.23]","(-0.01, 0.23]","(-0.01, 0.22]","(-0.01, 0.23]","(-0.01, 0.25]","(0.77, 1.0]",Negative
"(19.75, 44.11]","(-0.01, 7.81]","(0.94, 190.68]","(-0.01, 0.17]","(-0.01, 0.15]","(-0.01, 0.0025]","(-0.01, 154.77]","(0.74, 0.89]","(-0.01, 0.17]","(-0.01, 0.21]","(-0.01, 0.087]","(0.77, 0.97]","(0.8, 1.0]","(-0.01, 0.23]","(-0.01, 0.23]","(-0.01, 0.23]","(-0.01, 0.22]","(-0.01, 0.23]","(-0.01, 0.25]","(0.77, 1.0]",Negative
"(19.75, 44.11]","(-0.01, 7.81]","(0.94, 190.68]","(-0.01, 0.17]","(-0.01, 0.15]","(-0.01, 0.0025]","(-0.01, 154.77]","(0.74, 0.89]","(-0.01, 0.17]","(-0.01, 0.21]","(-0.01, 0.087]","(0.77, 0.97]","(0.8, 1.0]","(-0.01, 0.23]","(-0.01, 0.23]","(-0.01, 0.23]","(-0.01, 0.22]","(-0.01, 0.23]","(-0.01, 0.25]","(0.77, 1.0]",Negative
"(19.75, 44.11]","(-0.01, 7.81]","(0.94, 190.68]","(-0.01, 0.17]","(-0.01, 0.15]","(-0.01, 0.0025]","(-0.01, 154.77]","(0.74, 0.89]","(-0.01, 0.17]","(-0.01, 0.21]","(-0.01, 0.087]","(0.77, 0.97]","(0.8, 1.0]","(-0.01, 0.23]","(-0.01, 0.23]","(-0.01, 0.23]","(-0.01, 0.22]","(-0.01, 0.23]","(-0.01, 0.25]","(0.77, 1.0]",Negative
"(19.75, 44.11]","(-0.01, 7.81]","(0.94, 190.68]","(-0.01, 0.17]","(-0.01, 0.15]","(-0.01, 0.0025]","(-0.01, 154.77]","(0.74, 0.89]","(-0.01, 0.17]","(-0.01, 0.21]","(-0.01, 0.087]","(0.97, 1.0]","(0.8, 1.0]","(-0.01, 0.23]","(-0.01, 0.23]","(-0.01, 0.23]","(-0.01, 0.22]","(-0.01, 0.23]","(-0.01, 0.25]","(0.77, 1.0]",Negative
"(19.75, 44.11]","(-0.01, 7.81]","(0.94, 190.68]","(-0.01, 0.17]","(-0.01, 0.15]","(-0.01, 0.0025]","(-0.01, 154.77]","(0.74, 0.89]","(-0.01, 0.17]","(-0.01, 0.21]","(-0.01, 0.087]","(0.77, 0.97]","(0.8, 1.0]","(-0.01, 0.23]","(-0.01, 0.23]","(-0.01, 0.23]","(-0.01, 0.22]","(-0.01, 0.23]","(-0.01, 0.25]","(0.77, 1.0]",Negative
"(19.75, 44.11]","(-0.01, 7.81]","(0.94, 190.68]","(-0.01, 0.17]","(-0.01, 0.15]","(-0.01, 0.0025]","(-0.01, 154.77]","(0.74, 0.89]","(-0.01, 0.17]","(-0.01, 0.21]","(-0.01, 0.087]","(0.77, 0.97]","(0.8, 1.0]","(-0.01, 0.23]","(-0.01, 0.23]","(-0.01, 0.23]","(-0.01, 0.22]","(-0.01, 0.23]","(-0.01, 0.25]","(0.77, 1.0]",Negative
"(19.75, 44.11]","(-0.01, 7.81]","(0.94, 190.68]","(-0.01, 0.17]","(-0.01, 0.15]","(-0.01, 0.0025]","(-0.01, 154.77]","(0.74, 0.89]","(-0.01, 0.17]","(-0.01, 0.21]","(-0.01, 0.087]","(0.77, 0.97]","(0.8, 1.0]","(-0.01, 0.23]","(-0.01, 0.23]","(-0.01, 0.23]","(-0.01, 0.22]","(-0.01, 0.23]","(-0.01, 0.25]","(0.77, 1.0]",Negative
"(19.75, 44.11]","(-0.01, 7.81]","(0.94, 190.68]","(-0.01, 0.17]","(-0.01, 0.15]","(-0.01, 0.0025]","(-0.01, 154.77]","(0.74, 0.89]","(-0.01, 0.17]","(-0.01, 0.21]","(-0.01, 0.087]","(0.77, 0.97]","(0.8, 1.0]","(-0.01, 0.23]","(-0.01, 0.23]","(-0.01, 0.23]","(-0.01, 0.22]","(-0.01, 0.23]","(-0.01, 0.25]","(0.77, 1.0]",Negative
"(19.75, 44.11]","(-0.01, 7.81]","(0.94, 190.68]","(-0.01, 0.17]","(-0.01, 0.15]","(-0.01, 0.0025]","(-0.01, 154.77]","(0.74, 0.89]","(-0.01, 0.17]","(-0.01, 0.21]","(-0.01, 0.087]","(0.77, 0.97]","(0.8, 1.0]","(-0.01, 0.23]","(-0.01, 0.23]","(-0.01, 0.23]","(-0.01, 0.22]","(-0.01, 0.23]","(-0.01, 0.25]","(0.77, 1.0]",Negative
"(19.75, 44.11]","(-0.01, 7.81]","(0.94, 190.68]","(-0.01, 0.17]","(-0.01, 0.15]","(-0.01, 0.0025]","(-0.01, 154.77]","(0.74, 0.89]","(-0.01, 0.17]","(-0.01, 0.21]","(-0.01, 0.087]","(0.77, 0.97]","(0.8, 1.0]","(-0.01, 0.23]","(-0.01, 0.23]","(-0.01, 0.23]","(-0.01, 0.22]","(-0.01, 0.23]","(-0.01, 0.25]","(0.77, 1.0]",Negative
"(19.75, 44.11]","(-0.01, 7.81]","(0.94, 190.68]","(-0.01, 0.17]","(-0.01, 0.15]","(-0.01, 0.0025]","(-0.01, 154.77]","(0.74, 0.89]","(-0.01, 0.17]","(-0.01, 0.21]","(-0.01, 0.087]","(0.77, 0.97]","(0.8, 1.0]","(-0.01, 0.23]","(-0.01, 0.23]","(-0.01, 0.23]","(-0.01, 0.22]","(-0.01, 0.23]","(-0.01, 0.25]","(0.77, 1.0]",Negative
"(19.75, 44.11]","(-0.01, 7.81]","(0.94, 190.68]","(-0.01, 0.17]","(-0.01, 0.15]","(-0.01, 0.0025]","(-0.01, 154.77]","(0.74, 0.89]","(-0.01, 0.17]","(-0.01, 0.21]","(-0.01, 0.087]","(0.77, 0.97]","(0.8, 1.0]","(-0.01, 0.23]","(-0.01, 0.23]","(-0.01, 0.23]","(-0.01, 0.22]","(-0.01, 0.23]","(-0.01, 0.25]","(0.77, 1.0]",Negative
"(19.75, 44.11]","(-0.01, 7.81]","(0.94, 190.68]","(-0.01, 0.17]","(-0.01, 0.15]","(-0.01, 0.0025]","(-0.01, 154.77]","(0.74, 0.89]","(-0.01, 0.17]","(-0.01, 0.21]","(-0.01, 0.087]","(0.77, 0.97]","(0.8, 1.0]","(-0.01, 0.23]","(-0.01, 0.23]","(-0.01, 0.23]","(-0.01, 0.22]","(-0.01, 0.23]","(-0.01, 0.25]","(0.77, 1.0]",Negative
"(19.75, 44.11]","(-0.01, 7.81]","(0.94, 190.68]","(-0.01, 0.17]","(-0.01, 0.15]","(-0.01, 0.0025]","(-0.01, 154.77]","(0.74, 0.89]","(-0.01, 0.17]","(-0.01, 0.21]","(-0.01, 0.087]","(0.77, 0.97]","(0.8, 1.0]","(-0.01, 0.23]","(-0.01, 0.23]","(-0.01, 0.23]","(-0.01, 0.22]","(-0.01, 0.23]","(-0.01, 0.25]","(0.77, 1.0]",Negative
"(19.75, 44.11]","(-0.01, 7.81]","(0.94, 190.68]","(-0.01, 0.17]","(-0.01, 0.15]","(-0.01, 0.0025]","(-0.01, 154.77]","(0.74, 0.89]","(-0.01, 0.17]","(-0.01, 0.21]","(-0.01, 0.087]","(0.77, 0.97]","(0.8, 1.0]","(-0.01, 0.23]","(-0.01, 0.23]","(-0.01, 0.23]","(-0.01, 0.22]","(-0.01, 0.23]","(-0.01, 0.25]","(0.77, 1.0]",Negative
"(19.75, 44.11]","(-0.01, 7.81]","(0.94, 190.68]","(-0.01, 0.17]","(-0.01, 0.15]","(-0.01, 0.0025]","(-0.01, 154.77]","(0.74, 0.89]","(-0.01, 0.17]","(-0.01, 0.21]","(-0.01, 0.087]","(0.77, 0.97]","(0.74, 0.8]","(-0.01, 0.23]","(-0.01, 0.23]","(-0.01, 0.23]","(-0.01, 0.22]","(-0.01, 0.23]","(-0.01, 0.25]","(0.77, 1.0]",Negative
"(19.75, 44.11]","(-0.01, 7.81]","(0.94, 190.68]","(-0.01, 0.17]","(-0.01, 0.15]","(-0.01, 0.0025]","(-0.01, 154.77]","(0.74, 0.89]","(-0.01, 0.17]","(-0.01, 0.21]","(-0.01, 0.087]","(0.77, 0.97]","(0.74, 0.8]","(-0.01, 0.23]","(-0.01, 0.23]","(-0.01, 0.23]","(-0.01, 0.22]","(-0.01, 0.23]","(-0.01, 0.25]","(0.77, 1.0]",Negative
"(19.75, 44.11]","(-0.01, 7.81]","(0.94, 190.68]","(-0.01, 0.17]","(-0.01, 0.15]","(-0.01, 0.0025]","(-0.01, 154.77]","(0.74, 0.89]","(-0.01, 0.17]","(-0.01, 0.21]","(-0.01, 0.087]","(0.77, 0.97]","(0.8, 1.0]","(-0.01, 0.23]","(-0.01, 0.23]","(-0.01, 0.23]","(-0.01, 0.22]","(-0.01, 0.23]","(-0.01, 0.25]","(0.77, 1.0]",Negative
"(19.75, 44.11]","(-0.01, 7.81]","(0.94, 190.68]","(-0.01, 0.17]","(-0.01, 0.15]","(-0.01, 0.0025]","(-0.01, 154.77]","(0.74, 0.89]","(-0.01, 0.17]","(-0.01, 0.21]","(-0.01, 0.087]","(0.77, 0.97]","(0.8, 1.0]","(-0.01, 0.23]","(-0.01, 0.23]","(-0.01, 0.23]","(-0.01, 0.22]","(-0.01, 0.23]","(-0.01, 0.25]","(0.77, 1.0]",Negative
"(19.75, 44.11]","(-0.01, 7.81]","(0.94, 190.68]","(-0.01, 0.17]","(-0.01, 0.15]","(-0.01, 0.0025]","(-0.01, 154.77]","(0.74, 0.89]","(-0.01, 0.17]","(-0.01, 0.21]","(-0.01, 0.087]","(0.77, 0.97]","(0.8, 1.0]","(-0.01, 0.23]","(-0.01, 0.23]","(-0.01, 0.23]","(-0.01, 0.22]","(-0.01, 0.23]","(-0.01, 0.25]","(0.77, 1.0]",Negative
"(19.75, 44.11]","(-0.01, 7.81]","(0.94, 190.68]","(-0.01, 0.17]","(-0.01, 0.15]","(-0.01, 0.0025]","(-0.01, 154.77]","(0.74, 0.89]","(-0.01, 0.17]","(-0.01, 0.21]","(-0.01, 0.087]","(0.77, 0.97]","(0.8, 1.0]","(-0.01, 0.23]","(-0.01, 0.23]","(-0.01, 0.23]","(-0.01, 0.22]","(-0.01, 0.23]","(-0.01, 0.25]","(0.77, 1.0]",Negative
"(19.75, 44.11]","(-0.01, 7.81]","(0.94, 190.68]","(-0.01, 0.17]","(-0.01, 0.15]","(-0.01, 0.0025]","(-0.01, 154.77]","(0.74, 0.89]","(-0.01, 0.17]","(-0.01, 0.21]","(-0.01, 0.087]","(0.77, 0.97]","(0.8, 1.0]","(-0.01, 0.23]","(-0.01, 0.23]","(-0.01, 0.23]","(-0.01, 0.22]","(-0.01, 0.23]","(-0.01, 0.25]","(0.77, 1.0]",Negative
"(19.75, 44.11]","(-0.01, 7.81]","(0.94, 190.68]","(-0.01, 0.17]","(-0.01, 0.15]","(-0.01, 0.0025]","(-0.01, 154.77]","(0.74, 0.89]","(-0.01, 0.17]","(-0.01, 0.21]","(-0.01, 0.087]","(0.77, 0.97]","(0.8, 1.0]","(-0.01, 0.23]","(-0.01, 0.23]","(-0.01, 0.23]","(-0.01, 0.22]","(-0.01, 0.23]","(-0.01, 0.25]","(0.77, 1.0]",Negative
"(19.75, 44.11]","(-0.01, 7.81]","(0.94, 190.68]","(-0.01, 0.17]","(-0.01, 0.15]","(-0.01, 0.0025]","(-0.01, 154.77]","(0.74, 0.89]","(-0.01, 0.17]","(-0.01, 0.21]","(-0.01, 0.087]","(0.77, 0.97]","(0.8, 1.0]","(-0.01, 0.23]","(-0.01, 0.23]","(-0.01, 0.23]","(-0.01, 0.22]","(-0.01, 0.23]","(-0.01, 0.25]","(0.77, 1.0]",Negative
"(19.75, 44.11]","(-0.01, 7.81]","(0.94, 190.68]","(-0.01, 0.17]","(-0.01, 0.15]","(-0.01, 0.0025]","(-0.01, 154.77]","(0.74, 0.89]","(-0.01, 0.17]","(-0.01, 0.21]","(-0.01, 0.087]","(0.77, 0.97]","(0.8, 1.0]","(-0.01, 0.23]","(-0.01, 0.23]","(-0.01, 0.23]","(-0.01, 0.22]","(-0.01, 0.23]","(-0.01, 0.25]","(0.77, 1.0]",Negative
"(19.75, 44.11]","(-0.01, 7.81]","(0.94, 190.68]","(-0.01, 0.17]","(-0.01, 0.15]","(-0.01, 0.0025]","(-0.01, 154.77]","(0.74, 0.89]","(-0.01, 0.17]","(-0.01, 0.21]","(-0.01, 0.087]","(0.77, 0.97]","(0.74, 0.8]","(-0.01, 0.23]","(-0.01, 0.23]","(-0.01, 0.23]","(-0.01, 0.22]","(-0.01, 0.23]","(-0.01, 0.25]","(0.77, 1.0]",Negative
"(19.75, 44.11]","(-0.01, 7.81]","(0.94, 190.68]","(-0.01, 0.17]","(-0.01, 0.15]","(-0.01, 0.0025]","(-0.01, 154.77]","(0.74, 0.89]","(-0.01, 0.17]","(-0.01, 0.21]","(-0.01, 0.087]","(0.77, 0.97]","(0.8, 1.0]","(-0.01, 0.23]","(-0.01, 0.23]","(-0.01, 0.23]","(-0.01, 0.22]","(-0.01, 0.23]","(-0.01, 0.25]","(0.77, 1.0]",Negative
"(19.75, 44.11]","(-0.01, 7.81]","(0.94, 190.68]","(-0.01, 0.17]","(-0.01, 0.15]","(-0.01, 0.0025]","(-0.01, 154.77]","(0.74, 0.89]","(-0.01, 0.17]","(-0.01, 0.21]","(-0.01, 0.087]","(0.77, 0.97]","(0.8, 1.0]","(-0.01, 0.23]","(-0.01, 0.23]","(-0.01, 0.23]","(-0.01, 0.22]","(-0.01, 0.23]","(-0.01, 0.25]","(0.77, 1.0]",Negative
"(19.75, 44.11]","(-0.01, 7.81]","(0.94, 190.68]","(-0.01, 0.17]","(-0.01, 0.15]","(-0.01, 0.0025]","(-0.01, 154.77]","(0.74, 0.89]","(-0.01, 0.17]","(-0.01, 0.21]","(-0.01, 0.087]","(0.77, 0.97]","(0.74, 0.8]","(-0.01, 0.23]","(-0.01, 0.23]","(-0.01, 0.23]","(-0.01, 0.22]","(-0.01, 0.23]","(-0.01, 0.25]","(0.77, 1.0]",Negative
"(19.75, 44.11]","(-0.01, 7.81]","(0.94, 190.68]","(-0.01, 0.17]","(-0.01, 0.15]","(-0.01, 0.0025]","(-0.01, 154.77]","(0.74, 0.89]","(-0.01, 0.17]","(-0.01, 0.21]","(-0.01, 0.087]","(0.77, 0.97]","(0.74, 0.8]","(-0.01, 0.23]","(-0.01, 0.23]","(-0.01, 0.23]","(-0.01, 0.22]","(-0.01, 0.23]","(-0.01, 0.25]","(0.77, 1.0]",Negative
"(19.75, 44.11]","(-0.01, 7.81]","(0.94, 190.68]","(-0.01, 0.17]","(-0.01, 0.15]","(-0.01, 0.0025]","(-0.01, 154.77]","(0.74, 0.89]","(-0.01, 0.17]","(-0.01, 0.21]","(-0.01, 0.087]","(0.77, 0.97]","(0.74, 0.8]","(-0.01, 0.23]","(-0.01, 0.23]","(-0.01, 0.23]","(-0.01, 0.22]","(-0.01, 0.23]","(-0.01, 0.25]","(0.77, 1.0]",Negative
"(19.75, 44.11]","(-0.01, 7.81]","(0.94, 190.68]","(-0.01, 0.17]","(-0.01, 0.15]","(-0.01, 0.0025]","(-0.01, 154.77]","(0.74, 0.89]","(-0.01, 0.17]","(-0.01, 0.21]","(-0.01, 0.087]","(0.77, 0.97]","(0.74, 0.8]","(-0.01, 0.23]","(-0.01, 0.23]","(-0.01, 0.23]","(-0.01, 0.22]","(-0.01, 0.23]","(-0.01, 0.25]","(0.77, 1.0]",Negative
"(19.75, 44.11]","(-0.01, 7.81]","(0.94, 190.68]","(-0.01, 0.17]","(-0.01, 0.15]","(-0.01, 0.0025]","(-0.01, 154.77]","(0.74, 0.89]","(-0.01, 0.17]","(-0.01, 0.21]","(-0.01, 0.087]","(0.77, 0.97]","(0.74, 0.8]","(-0.01, 0.23]","(-0.01, 0.23]","(-0.01, 0.23]","(-0.01, 0.22]","(-0.01, 0.23]","(-0.01, 0.25]","(0.77, 1.0]",Negative
"(19.75, 44.11]","(-0.01, 7.81]","(0.94, 190.68]","(-0.01, 0.17]","(-0.01, 0.15]","(-0.01, 0.0025]","(-0.01, 154.77]","(0.74, 0.89]","(-0.01, 0.17]","(-0.01, 0.21]","(-0.01, 0.087]","(0.77, 0.97]","(0.74, 0.8]","(-0.01, 0.23]","(-0.01, 0.23]","(-0.01, 0.23]","(-0.01, 0.22]","(-0.01, 0.23]","(-0.01, 0.25]","(0.77, 1.0]",Negative
"(19.75, 44.11]","(-0.01, 7.81]","(0.94, 190.68]","(-0.01, 0.17]","(-0.01, 0.15]","(-0.01, 0.0025]","(-0.01, 154.77]","(0.74, 0.89]","(-0.01, 0.17]","(-0.01, 0.21]","(-0.01, 0.087]","(0.77, 0.97]","(0.74, 0.8]","(-0.01, 0.23]","(-0.01, 0.23]","(-0.01, 0.23]","(-0.01, 0.22]","(-0.01, 0.23]","(-0.01, 0.25]","(0.77, 1.0]",Negative
"(19.75, 44.11]","(-0.01, 7.81]","(0.94, 190.68]","(-0.01, 0.17]","(-0.01, 0.15]","(-0.01, 0.0025]","(-0.01, 154.77]","(0.74, 0.89]","(-0.01, 0.17]","(-0.01, 0.21]","(-0.01, 0.087]","(0.77, 0.97]","(0.74, 0.8]","(-0.01, 0.23]","(-0.01, 0.23]","(-0.01, 0.23]","(-0.01, 0.22]","(-0.01, 0.23]","(-0.01, 0.25]","(0.77, 1.0]",Negative
"(19.75, 44.11]","(-0.01, 7.81]","(0.94, 190.68]","(-0.01, 0.17]","(-0.01, 0.15]","(-0.01, 0.0025]","(-0.01, 154.77]","(0.74, 0.89]","(-0.01, 0.17]","(-0.01, 0.21]","(-0.01, 0.087]","(0.77, 0.97]","(0.74, 0.8]","(-0.01, 0.23]","(-0.01, 0.23]","(-0.01, 0.23]","(-0.01, 0.22]","(-0.01, 0.23]","(-0.01, 0.25]","(0.77, 1.0]",Negative
"(19.75, 44.11]","(-0.01, 7.81]","(0.94, 190.68]","(-0.01, 0.17]","(-0.01, 0.15]","(-0.01, 0.0025]","(-0.01, 154.77]","(0.74, 0.89]","(-0.01, 0.17]","(-0.01, 0.21]","(-0.01, 0.087]","(0.77, 0.97]","(0.74, 0.8]","(-0.01, 0.23]","(-0.01, 0.23]","(-0.01, 0.23]","(-0.01, 0.22]","(-0.01, 0.23]","(-0.01, 0.25]","(0.77, 1.0]",Negative
"(19.75, 44.11]","(-0.01, 7.81]","(0.94, 190.68]","(-0.01, 0.17]","(-0.01, 0.15]","(-0.01, 0.0025]","(-0.01, 154.77]","(0.74, 0.89]","(-0.01, 0.17]","(-0.01, 0.21]","(-0.01, 0.087]","(0.77, 0.97]","(0.74, 0.8]","(-0.01, 0.23]","(-0.01, 0.23]","(-0.01, 0.23]","(-0.01, 0.22]","(-0.01, 0.23]","(-0.01, 0.25]","(0.77, 1.0]",Negative
"(19.75, 44.11]","(-0.01, 7.81]","(0.94, 190.68]","(-0.01, 0.17]","(-0.01, 0.15]","(-0.01, 0.0025]","(-0.01, 154.77]","(0.74, 0.89]","(-0.01, 0.17]","(-0.01, 0.21]","(-0.01, 0.087]","(0.77, 0.97]","(0.74, 0.8]","(-0.01, 0.23]","(-0.01, 0.23]","(-0.01, 0.23]","(-0.01, 0.22]","(-0.01, 0.23]","(-0.01, 0.25]","(0.77, 1.0]",Negative
"(19.75, 44.11]","(-0.01, 7.81]","(0.94, 190.68]","(-0.01, 0.17]","(-0.01, 0.15]","(-0.01, 0.0025]","(-0.01, 154.77]","(0.74, 0.89]","(-0.01, 0.17]","(-0.01, 0.21]","(-0.01, 0.087]","(0.77, 0.97]","(0.74, 0.8]","(-0.01, 0.23]","(-0.01, 0.23]","(-0.01, 0.23]","(-0.01, 0.22]","(-0.01, 0.23]","(-0.01, 0.25]","(0.77, 1.0]",Negative
"(19.75, 44.11]","(-0.01, 7.81]","(0.94, 190.68]","(-0.01, 0.17]","(-0.01, 0.15]","(-0.01, 0.0025]","(-0.01, 154.77]","(0.74, 0.89]","(-0.01, 0.17]","(-0.01, 0.21]","(-0.01, 0.087]","(0.77, 0.97]","(0.74, 0.8]","(0.23, 0.24]","(-0.01, 0.23]","(-0.01, 0.23]","(-0.01, 0.22]","(-0.01, 0.23]","(-0.01, 0.25]","(0.77, 1.0]",Negative
"(19.75, 44.11]","(-0.01, 7.81]","(0.94, 190.68]","(-0.01, 0.17]","(-0.01, 0.15]","(-0.01, 0.0025]","(-0.01, 154.77]","(0.74, 0.89]","(-0.01, 0.17]","(-0.01, 0.21]","(-0.01, 0.087]","(0.77, 0.97]","(0.74, 0.8]","(-0.01, 0.23]","(-0.01, 0.23]","(-0.01, 0.23]","(-0.01, 0.22]","(-0.01, 0.23]","(-0.01, 0.25]","(0.77, 1.0]",Negative
"(19.75, 44.11]","(-0.01, 7.81]","(0.94, 190.68]","(-0.01, 0.17]","(-0.01, 0.15]","(-0.01, 0.0025]","(-0.01, 154.77]","(0.74, 0.89]","(-0.01, 0.17]","(-0.01, 0.21]","(-0.01, 0.087]","(0.77, 0.97]","(0.74, 0.8]","(-0.01, 0.23]","(-0.01, 0.23]","(-0.01, 0.23]","(-0.01, 0.22]","(-0.01, 0.23]","(-0.01, 0.25]","(0.77, 1.0]",Negative
"(19.75, 44.11]","(-0.01, 7.81]","(0.94, 190.68]","(-0.01, 0.17]","(-0.01, 0.15]","(-0.01, 0.0025]","(-0.01, 154.77]","(0.74, 0.89]","(-0.01, 0.17]","(-0.01, 0.21]","(-0.01, 0.087]","(0.77, 0.97]","(0.74, 0.8]","(-0.01, 0.23]","(-0.01, 0.23]","(-0.01, 0.23]","(-0.01, 0.22]","(-0.01, 0.23]","(-0.01, 0.25]","(0.77, 1.0]",Negative
"(19.75, 44.11]","(-0.01, 7.81]","(0.94, 190.68]","(-0.01, 0.17]","(-0.01, 0.15]","(-0.01, 0.0025]","(-0.01, 154.77]","(0.74, 0.89]","(-0.01, 0.17]","(-0.01, 0.21]","(-0.01, 0.087]","(0.77, 0.97]","(0.74, 0.8]","(-0.01, 0.23]","(-0.01, 0.23]","(-0.01, 0.23]","(-0.01, 0.22]","(-0.01, 0.23]","(-0.01, 0.25]","(0.77, 1.0]",Negative
"(19.75, 44.11]","(-0.01, 7.81]","(0.94, 190.68]","(-0.01, 0.17]","(-0.01, 0.15]","(-0.01, 0.0025]","(-0.01, 154.77]","(0.74, 0.89]","(-0.01, 0.17]","(-0.01, 0.21]","(-0.01, 0.087]","(0.77, 0.97]","(0.74, 0.8]","(-0.01, 0.23]","(-0.01, 0.23]","(-0.01, 0.23]","(-0.01, 0.22]","(-0.01, 0.23]","(-0.01, 0.25]","(0.77, 1.0]",Negative
"(19.75, 44.11]","(-0.01, 7.81]","(0.94, 190.68]","(-0.01, 0.17]","(-0.01, 0.15]","(-0.01, 0.0025]","(-0.01, 154.77]","(0.74, 0.89]","(-0.01, 0.17]","(-0.01, 0.21]","(-0.01, 0.087]","(0.77, 0.97]","(0.74, 0.8]","(-0.01, 0.23]","(-0.01, 0.23]","(-0.01, 0.23]","(-0.01, 0.22]","(-0.01, 0.23]","(-0.01, 0.25]","(0.77, 1.0]",Negative
"(19.75, 44.11]","(-0.01, 7.81]","(0.94, 190.68]","(-0.01, 0.17]","(-0.01, 0.15]","(-0.01, 0.0025]","(-0.01, 154.77]","(0.74, 0.89]","(-0.01, 0.17]","(-0.01, 0.21]","(-0.01, 0.087]","(0.77, 0.97]","(0.74, 0.8]","(-0.01, 0.23]","(-0.01, 0.23]","(-0.01, 0.23]","(-0.01, 0.22]","(-0.01, 0.23]","(-0.01, 0.25]","(0.77, 1.0]",Negative
"(19.75, 44.11]","(-0.01, 7.81]","(0.94, 190.68]","(-0.01, 0.17]","(-0.01, 0.15]","(-0.01, 0.0025]","(-0.01, 154.77]","(0.74, 0.89]","(-0.01, 0.17]","(-0.01, 0.21]","(-0.01, 0.087]","(0.77, 0.97]","(0.74, 0.8]","(-0.01, 0.23]","(-0.01, 0.23]","(-0.01, 0.23]","(-0.01, 0.22]","(-0.01, 0.23]","(-0.01, 0.25]","(0.77, 1.0]",Negative
"(19.75, 44.11]","(-0.01, 7.81]","(0.94, 190.68]","(-0.01, 0.17]","(-0.01, 0.15]","(-0.01, 0.0025]","(-0.01, 154.77]","(0.74, 0.89]","(-0.01, 0.17]","(-0.01, 0.21]","(-0.01, 0.087]","(0.77, 0.97]","(0.74, 0.8]","(-0.01, 0.23]","(-0.01, 0.23]","(-0.01, 0.23]","(-0.01, 0.22]","(-0.01, 0.23]","(-0.01, 0.25]","(0.77, 1.0]",Negative
"(19.75, 44.11]","(-0.01, 7.81]","(0.94, 190.68]","(-0.01, 0.17]","(-0.01, 0.15]","(-0.01, 0.0025]","(-0.01, 154.77]","(0.74, 0.89]","(-0.01, 0.17]","(-0.01, 0.21]","(-0.01, 0.087]","(0.77, 0.97]","(0.74, 0.8]","(-0.01, 0.23]","(-0.01, 0.23]","(-0.01, 0.23]","(-0.01, 0.22]","(-0.01, 0.23]","(-0.01, 0.25]","(0.77, 1.0]",Negative
"(19.75, 44.11]","(-0.01, 7.81]","(0.94, 190.68]","(-0.01, 0.17]","(-0.01, 0.15]","(-0.01, 0.0025]","(-0.01, 154.77]","(0.74, 0.89]","(-0.01, 0.17]","(-0.01, 0.21]","(-0.01, 0.087]","(0.77, 0.97]","(0.74, 0.8]","(-0.01, 0.23]","(-0.01, 0.23]","(-0.01, 0.23]","(-0.01, 0.22]","(-0.01, 0.23]","(-0.01, 0.25]","(0.77, 1.0]",Negative
"(19.75, 44.11]","(-0.01, 7.81]","(0.94, 190.68]","(-0.01, 0.17]","(-0.01, 0.15]","(-0.01, 0.0025]","(-0.01, 154.77]","(0.74, 0.89]","(-0.01, 0.17]","(-0.01, 0.21]","(-0.01, 0.087]","(0.77, 0.97]","(0.74, 0.8]","(-0.01, 0.23]","(-0.01, 0.23]","(-0.01, 0.23]","(-0.01, 0.22]","(-0.01, 0.23]","(-0.01, 0.25]","(0.77, 1.0]",Negative
"(19.75, 44.11]","(-0.01, 7.81]","(0.94, 190.68]","(-0.01, 0.17]","(-0.01, 0.15]","(-0.01, 0.0025]","(-0.01, 154.77]","(0.74, 0.89]","(-0.01, 0.17]","(-0.01, 0.21]","(-0.01, 0.087]","(0.77, 0.97]","(0.74, 0.8]","(-0.01, 0.23]","(-0.01, 0.23]","(-0.01, 0.23]","(-0.01, 0.22]","(-0.01, 0.23]","(-0.01, 0.25]","(0.77, 1.0]",Negative
"(19.75, 44.11]","(-0.01, 7.81]","(0.94, 190.68]","(-0.01, 0.17]","(-0.01, 0.15]","(-0.01, 0.0025]","(-0.01, 154.77]","(0.74, 0.89]","(-0.01, 0.17]","(-0.01, 0.21]","(-0.01, 0.087]","(0.77, 0.97]","(0.74, 0.8]","(-0.01, 0.23]","(-0.01, 0.23]","(-0.01, 0.23]","(-0.01, 0.22]","(-0.01, 0.23]","(-0.01, 0.25]","(0.77, 1.0]",Negative
"(19.75, 44.11]","(-0.01, 7.81]","(0.94, 190.68]","(-0.01, 0.17]","(-0.01, 0.15]","(-0.01, 0.0025]","(-0.01, 154.77]","(0.74, 0.89]","(-0.01, 0.17]","(-0.01, 0.21]","(-0.01, 0.087]","(0.77, 0.97]","(0.74, 0.8]","(-0.01, 0.23]","(-0.01, 0.23]","(-0.01, 0.23]","(-0.01, 0.22]","(-0.01, 0.23]","(-0.01, 0.25]","(0.77, 1.0]",Negative
"(19.75, 44.11]","(-0.01, 7.81]","(0.94, 190.68]","(-0.01, 0.17]","(-0.01, 0.15]","(-0.01, 0.0025]","(-0.01, 154.77]","(0.74, 0.89]","(-0.01, 0.17]","(-0.01, 0.21]","(-0.01, 0.087]","(0.77, 0.97]","(0.74, 0.8]","(-0.01, 0.23]","(-0.01, 0.23]","(-0.01, 0.23]","(-0.01, 0.22]","(-0.01, 0.23]","(-0.01, 0.25]","(0.77, 1.0]",Negative
"(19.75, 44.11]","(-0.01, 7.81]","(0.94, 190.68]","(-0.01, 0.17]","(-0.01, 0.15]","(-0.01, 0.0025]","(-0.01, 154.77]","(0.74, 0.89]","(-0.01, 0.17]","(-0.01, 0.21]","(-0.01, 0.087]","(0.77, 0.97]","(0.74, 0.8]","(-0.01, 0.23]","(-0.01, 0.23]","(-0.01, 0.23]","(-0.01, 0.22]","(-0.01, 0.23]","(-0.01, 0.25]","(0.77, 1.0]",Negative
"(19.75, 44.11]","(-0.01, 7.81]","(0.94, 190.68]","(-0.01, 0.17]","(-0.01, 0.15]","(-0.01, 0.0025]","(-0.01, 154.77]","(0.74, 0.89]","(-0.01, 0.17]","(-0.01, 0.21]","(-0.01, 0.087]","(0.77, 0.97]","(0.74, 0.8]","(-0.01, 0.23]","(-0.01, 0.23]","(-0.01, 0.23]","(-0.01, 0.22]","(-0.01, 0.23]","(-0.01, 0.25]","(0.77, 1.0]",Negative
"(19.75, 44.11]","(-0.01, 7.81]","(0.94, 190.68]","(-0.01, 0.17]","(-0.01, 0.15]","(-0.01, 0.0025]","(-0.01, 154.77]","(0.74, 0.89]","(-0.01, 0.17]","(-0.01, 0.21]","(-0.01, 0.087]","(0.77, 0.97]","(0.74, 0.8]","(-0.01, 0.23]","(-0.01, 0.23]","(-0.01, 0.23]","(-0.01, 0.22]","(-0.01, 0.23]","(-0.01, 0.25]","(0.77, 1.0]",Negative
"(19.75, 44.11]","(-0.01, 7.81]","(0.94, 190.68]","(-0.01, 0.17]","(-0.01, 0.15]","(-0.01, 0.0025]","(-0.01, 154.77]","(0.74, 0.89]","(-0.01, 0.17]","(-0.01, 0.21]","(-0.01, 0.087]","(0.77, 0.97]","(0.74, 0.8]","(-0.01, 0.23]","(-0.01, 0.23]","(-0.01, 0.23]","(-0.01, 0.22]","(-0.01, 0.23]","(-0.01, 0.25]","(0.77, 1.0]",Negative
"(19.75, 44.11]","(-0.01, 7.81]","(0.94, 190.68]","(-0.01, 0.17]","(-0.01, 0.15]","(-0.01, 0.0025]","(-0.01, 154.77]","(0.74, 0.89]","(-0.01, 0.17]","(-0.01, 0.21]","(-0.01, 0.087]","(0.77, 0.97]","(0.74, 0.8]","(-0.01, 0.23]","(-0.01, 0.23]","(-0.01, 0.23]","(-0.01, 0.22]","(-0.01, 0.23]","(-0.01, 0.25]","(0.77, 1.0]",Negative
"(19.75, 44.11]","(-0.01, 7.81]","(0.94, 190.68]","(-0.01, 0.17]","(-0.01, 0.15]","(-0.01, 0.0025]","(-0.01, 154.77]","(0.74, 0.89]","(-0.01, 0.17]","(-0.01, 0.21]","(-0.01, 0.087]","(0.77, 0.97]","(0.74, 0.8]","(-0.01, 0.23]","(-0.01, 0.23]","(-0.01, 0.23]","(-0.01, 0.22]","(-0.01, 0.23]","(-0.01, 0.25]","(0.77, 1.0]",Negative
"(19.75, 44.11]","(-0.01, 7.81]","(0.94, 190.68]","(-0.01, 0.17]","(-0.01, 0.15]","(-0.01, 0.0025]","(-0.01, 154.77]","(0.74, 0.89]","(-0.01, 0.17]","(-0.01, 0.21]","(-0.01, 0.087]","(0.77, 0.97]","(0.74, 0.8]","(-0.01, 0.23]","(-0.01, 0.23]","(-0.01, 0.23]","(-0.01, 0.22]","(-0.01, 0.23]","(-0.01, 0.25]","(0.77, 1.0]",Negative
"(19.75, 44.11]","(-0.01, 7.81]","(0.94, 190.68]","(-0.01, 0.17]","(-0.01, 0.15]","(-0.01, 0.0025]","(-0.01, 154.77]","(0.74, 0.89]","(-0.01, 0.17]","(-0.01, 0.21]","(-0.01, 0.087]","(0.77, 0.97]","(0.74, 0.8]","(-0.01, 0.23]","(-0.01, 0.23]","(-0.01, 0.23]","(-0.01, 0.22]","(-0.01, 0.23]","(-0.01, 0.25]","(0.77, 1.0]",Negative
"(19.75, 44.11]","(-0.01, 7.81]","(0.94, 190.68]","(-0.01, 0.17]","(-0.01, 0.15]","(-0.01, 0.0025]","(-0.01, 154.77]","(0.74, 0.89]","(-0.01, 0.17]","(-0.01, 0.21]","(-0.01, 0.087]","(0.77, 0.97]","(0.74, 0.8]","(-0.01, 0.23]","(-0.01, 0.23]","(-0.01, 0.23]","(-0.01, 0.22]","(-0.01, 0.23]","(-0.01, 0.25]","(0.77, 1.0]",Negative
"(19.75, 44.11]","(-0.01, 7.81]","(0.94, 190.68]","(-0.01, 0.17]","(-0.01, 0.15]","(-0.01, 0.0025]","(-0.01, 154.77]","(0.74, 0.89]","(-0.01, 0.17]","(-0.01, 0.21]","(-0.01, 0.087]","(0.77, 0.97]","(0.74, 0.8]","(-0.01, 0.23]","(-0.01, 0.23]","(-0.01, 0.23]","(-0.01, 0.22]","(-0.01, 0.23]","(-0.01, 0.25]","(0.77, 1.0]",Negative
"(19.75, 44.11]","(-0.01, 7.81]","(0.94, 190.68]","(-0.01, 0.17]","(-0.01, 0.15]","(-0.01, 0.0025]","(-0.01, 154.77]","(0.74, 0.89]","(-0.01, 0.17]","(-0.01, 0.21]","(-0.01, 0.087]","(0.77, 0.97]","(0.74, 0.8]","(-0.01, 0.23]","(-0.01, 0.23]","(-0.01, 0.23]","(-0.01, 0.22]","(-0.01, 0.23]","(-0.01, 0.25]","(0.77, 1.0]",Negative
"(19.75, 44.11]","(-0.01, 7.81]","(0.94, 190.68]","(-0.01, 0.17]","(-0.01, 0.15]","(-0.01, 0.0025]","(-0.01, 154.77]","(0.74, 0.89]","(-0.01, 0.17]","(-0.01, 0.21]","(-0.01, 0.087]","(0.77, 0.97]","(0.74, 0.8]","(-0.01, 0.23]","(-0.01, 0.23]","(-0.01, 0.23]","(-0.01, 0.22]","(-0.01, 0.23]","(-0.01, 0.25]","(0.77, 1.0]",Negative
"(19.75, 44.11]","(-0.01, 7.81]","(0.94, 190.68]","(-0.01, 0.17]","(-0.01, 0.15]","(-0.01, 0.0025]","(-0.01, 154.77]","(0.74, 0.89]","(-0.01, 0.17]","(-0.01, 0.21]","(-0.01, 0.087]","(0.77, 0.97]","(0.74, 0.8]","(-0.01, 0.23]","(-0.01, 0.23]","(-0.01, 0.23]","(-0.01, 0.22]","(-0.01, 0.23]","(-0.01, 0.25]","(0.77, 1.0]",Negative
"(19.75, 44.11]","(-0.01, 7.81]","(0.94, 190.68]","(-0.01, 0.17]","(-0.01, 0.15]","(-0.01, 0.0025]","(-0.01, 154.77]","(0.74, 0.89]","(-0.01, 0.17]","(-0.01, 0.21]","(-0.01, 0.087]","(0.77, 0.97]","(0.74, 0.8]","(-0.01, 0.23]","(-0.01, 0.23]","(-0.01, 0.23]","(-0.01, 0.22]","(-0.01, 0.23]","(-0.01, 0.25]","(0.77, 1.0]",Negative
"(19.75, 44.11]","(-0.01, 7.81]","(0.94, 190.68]","(-0.01, 0.17]","(-0.01, 0.15]","(-0.01, 0.0025]","(-0.01, 154.77]","(0.74, 0.89]","(-0.01, 0.17]","(-0.01, 0.21]","(-0.01, 0.087]","(0.77, 0.97]","(0.74, 0.8]","(-0.01, 0.23]","(-0.01, 0.23]","(-0.01, 0.23]","(-0.01, 0.22]","(-0.01, 0.23]","(-0.01, 0.25]","(0.77, 1.0]",Negative
"(19.75, 44.11]","(-0.01, 7.81]","(0.94, 190.68]","(-0.01, 0.17]","(-0.01, 0.15]","(-0.01, 0.0025]","(-0.01, 154.77]","(0.74, 0.89]","(-0.01, 0.17]","(-0.01, 0.21]","(-0.01, 0.087]","(0.77, 0.97]","(0.74, 0.8]","(-0.01, 0.23]","(-0.01, 0.23]","(-0.01, 0.23]","(-0.01, 0.22]","(-0.01, 0.23]","(-0.01, 0.25]","(0.77, 1.0]",Negative
"(19.75, 44.11]","(-0.01, 7.81]","(0.94, 190.68]","(-0.01, 0.17]","(-0.01, 0.15]","(-0.01, 0.0025]","(-0.01, 154.77]","(0.74, 0.89]","(-0.01, 0.17]","(-0.01, 0.21]","(-0.01, 0.087]","(0.77, 0.97]","(0.74, 0.8]","(-0.01, 0.23]","(-0.01, 0.23]","(-0.01, 0.23]","(-0.01, 0.22]","(-0.01, 0.23]","(-0.01, 0.25]","(0.77, 1.0]",Negative
"(19.75, 44.11]","(-0.01, 7.81]","(0.94, 190.68]","(-0.01, 0.17]","(-0.01, 0.15]","(-0.01, 0.0025]","(-0.01, 154.77]","(0.74, 0.89]","(-0.01, 0.17]","(-0.01, 0.21]","(-0.01, 0.087]","(0.77, 0.97]","(0.74, 0.8]","(-0.01, 0.23]","(-0.01, 0.23]","(-0.01, 0.23]","(-0.01, 0.22]","(-0.01, 0.23]","(-0.01, 0.25]","(0.77, 1.0]",Negative
"(19.75, 44.11]","(-0.01, 7.81]","(0.94, 190.68]","(-0.01, 0.17]","(-0.01, 0.15]","(-0.01, 0.0025]","(-0.01, 154.77]","(0.74, 0.89]","(-0.01, 0.17]","(-0.01, 0.21]","(-0.01, 0.087]","(0.77, 0.97]","(0.74, 0.8]","(-0.01, 0.23]","(-0.01, 0.23]","(-0.01, 0.23]","(-0.01, 0.22]","(-0.01, 0.23]","(-0.01, 0.25]","(0.77, 1.0]",Negative
"(19.75, 44.11]","(-0.01, 7.81]","(0.94, 190.68]","(-0.01, 0.17]","(-0.01, 0.15]","(-0.01, 0.0025]","(-0.01, 154.77]","(0.74, 0.89]","(-0.01, 0.17]","(-0.01, 0.21]","(-0.01, 0.087]","(0.77, 0.97]","(0.74, 0.8]","(-0.01, 0.23]","(-0.01, 0.23]","(-0.01, 0.23]","(-0.01, 0.22]","(-0.01, 0.23]","(-0.01, 0.25]","(0.77, 1.0]",Negative
"(19.75, 44.11]","(-0.01, 7.81]","(0.94, 190.68]","(-0.01, 0.17]","(-0.01, 0.15]","(-0.01, 0.0025]","(-0.01, 154.77]","(0.74, 0.89]","(-0.01, 0.17]","(-0.01, 0.21]","(-0.01, 0.087]","(0.77, 0.97]","(0.74, 0.8]","(-0.01, 0.23]","(-0.01, 0.23]","(-0.01, 0.23]","(-0.01, 0.22]","(-0.01, 0.23]","(-0.01, 0.25]","(0.77, 1.0]",Negative
"(19.75, 44.11]","(-0.01, 7.81]","(0.94, 190.68]","(-0.01, 0.17]","(-0.01, 0.15]","(-0.01, 0.0025]","(-0.01, 154.77]","(0.74, 0.89]","(-0.01, 0.17]","(-0.01, 0.21]","(-0.01, 0.087]","(0.77, 0.97]","(0.74, 0.8]","(-0.01, 0.23]","(-0.01, 0.23]","(-0.01, 0.23]","(-0.01, 0.22]","(-0.01, 0.23]","(-0.01, 0.25]","(0.77, 1.0]",Negative
"(19.75, 44.11]","(-0.01, 7.81]","(0.94, 190.68]","(-0.01, 0.17]","(-0.01, 0.15]","(-0.01, 0.0025]","(-0.01, 154.77]","(0.74, 0.89]","(-0.01, 0.17]","(-0.01, 0.21]","(-0.01, 0.087]","(0.77, 0.97]","(0.74, 0.8]","(-0.01, 0.23]","(-0.01, 0.23]","(-0.01, 0.23]","(-0.01, 0.22]","(-0.01, 0.23]","(-0.01, 0.25]","(0.77, 1.0]",Negative
"(19.75, 44.11]","(-0.01, 7.81]","(0.94, 190.68]","(-0.01, 0.17]","(-0.01, 0.15]","(-0.01, 0.0025]","(-0.01, 154.77]","(0.74, 0.89]","(-0.01, 0.17]","(-0.01, 0.21]","(-0.01, 0.087]","(0.77, 0.97]","(0.74, 0.8]","(-0.01, 0.23]","(-0.01, 0.23]","(-0.01, 0.23]","(-0.01, 0.22]","(-0.01, 0.23]","(-0.01, 0.25]","(0.77, 1.0]",Negative
"(19.75, 44.11]","(-0.01, 7.81]","(0.94, 190.68]","(-0.01, 0.17]","(-0.01, 0.15]","(-0.01, 0.0025]","(-0.01, 154.77]","(0.74, 0.89]","(-0.01, 0.17]","(-0.01, 0.21]","(-0.01, 0.087]","(0.77, 0.97]","(0.74, 0.8]","(-0.01, 0.23]","(-0.01, 0.23]","(-0.01, 0.23]","(-0.01, 0.22]","(-0.01, 0.23]","(-0.01, 0.25]","(0.77, 1.0]",Negative
"(19.75, 44.11]","(-0.01, 7.81]","(0.94, 190.68]","(-0.01, 0.17]","(-0.01, 0.15]","(-0.01, 0.0025]","(-0.01, 154.77]","(0.74, 0.89]","(-0.01, 0.17]","(-0.01, 0.21]","(-0.01, 0.087]","(0.77, 0.97]","(0.74, 0.8]","(-0.01, 0.23]","(-0.01, 0.23]","(-0.01, 0.23]","(-0.01, 0.22]","(-0.01, 0.23]","(-0.01, 0.25]","(0.77, 1.0]",Negative
"(19.75, 44.11]","(-0.01, 7.81]","(0.94, 190.68]","(-0.01, 0.17]","(-0.01, 0.15]","(-0.01, 0.0025]","(-0.01, 154.77]","(0.74, 0.89]","(-0.01, 0.17]","(-0.01, 0.21]","(-0.01, 0.087]","(0.77, 0.97]","(0.74, 0.8]","(-0.01, 0.23]","(-0.01, 0.23]","(-0.01, 0.23]","(-0.01, 0.22]","(-0.01, 0.23]","(-0.01, 0.25]","(0.77, 1.0]",Negative
"(19.75, 44.11]","(-0.01, 7.81]","(0.94, 190.68]","(-0.01, 0.17]","(-0.01, 0.15]","(-0.01, 0.0025]","(-0.01, 154.77]","(0.74, 0.89]","(-0.01, 0.17]","(-0.01, 0.21]","(-0.01, 0.087]","(0.77, 0.97]","(0.74, 0.8]","(-0.01, 0.23]","(-0.01, 0.23]","(-0.01, 0.23]","(-0.01, 0.22]","(-0.01, 0.23]","(-0.01, 0.25]","(0.77, 1.0]",Negative
"(19.75, 44.11]","(-0.01, 7.81]","(0.94, 190.68]","(-0.01, 0.17]","(-0.01, 0.15]","(-0.01, 0.0025]","(-0.01, 154.77]","(0.74, 0.89]","(-0.01, 0.17]","(-0.01, 0.21]","(-0.01, 0.087]","(0.77, 0.97]","(0.74, 0.8]","(-0.01, 0.23]","(-0.01, 0.23]","(-0.01, 0.23]","(-0.01, 0.22]","(-0.01, 0.23]","(-0.01, 0.25]","(0.77, 1.0]",Negative
"(19.75, 44.11]","(-0.01, 7.81]","(0.94, 190.68]","(-0.01, 0.17]","(-0.01, 0.15]","(-0.01, 0.0025]","(-0.01, 154.77]","(0.74, 0.89]","(-0.01, 0.17]","(-0.01, 0.21]","(-0.01, 0.087]","(0.77, 0.97]","(0.74, 0.8]","(-0.01, 0.23]","(-0.01, 0.23]","(-0.01, 0.23]","(-0.01, 0.22]","(-0.01, 0.23]","(-0.01, 0.25]","(0.77, 1.0]",Negative
"(19.75, 44.11]","(-0.01, 7.81]","(0.94, 190.68]","(-0.01, 0.17]","(-0.01, 0.15]","(-0.01, 0.0025]","(-0.01, 154.77]","(0.74, 0.89]","(-0.01, 0.17]","(-0.01, 0.21]","(-0.01, 0.087]","(0.77, 0.97]","(0.74, 0.8]","(-0.01, 0.23]","(-0.01, 0.23]","(-0.01, 0.23]","(-0.01, 0.22]","(-0.01, 0.23]","(-0.01, 0.25]","(0.77, 1.0]",Negative
"(19.75, 44.11]","(-0.01, 7.81]","(0.94, 190.68]","(-0.01, 0.17]","(-0.01, 0.15]","(-0.01, 0.0025]","(-0.01, 154.77]","(0.74, 0.89]","(-0.01, 0.17]","(-0.01, 0.21]","(-0.01, 0.087]","(0.77, 0.97]","(0.74, 0.8]","(-0.01, 0.23]","(-0.01, 0.23]","(-0.01, 0.23]","(-0.01, 0.22]","(-0.01, 0.23]","(-0.01, 0.25]","(0.77, 1.0]",Negative
"(19.75, 44.11]","(-0.01, 7.81]","(0.94, 190.68]","(-0.01, 0.17]","(-0.01, 0.15]","(-0.01, 0.0025]","(-0.01, 154.77]","(0.74, 0.89]","(-0.01, 0.17]","(-0.01, 0.21]","(-0.01, 0.087]","(0.77, 0.97]","(0.74, 0.8]","(-0.01, 0.23]","(-0.01, 0.23]","(-0.01, 0.23]","(-0.01, 0.22]","(-0.01, 0.23]","(-0.01, 0.25]","(0.77, 1.0]",Negative
"(19.75, 44.11]","(-0.01, 7.81]","(0.94, 190.68]","(-0.01, 0.17]","(-0.01, 0.15]","(-0.01, 0.0025]","(-0.01, 154.77]","(0.74, 0.89]","(-0.01, 0.17]","(-0.01, 0.21]","(-0.01, 0.087]","(0.77, 0.97]","(0.74, 0.8]","(-0.01, 0.23]","(-0.01, 0.23]","(-0.01, 0.23]","(-0.01, 0.22]","(-0.01, 0.23]","(-0.01, 0.25]","(0.77, 1.0]",Negative
"(19.75, 44.11]","(-0.01, 7.81]","(0.94, 190.68]","(-0.01, 0.17]","(-0.01, 0.15]","(-0.01, 0.0025]","(-0.01, 154.77]","(0.74, 0.89]","(-0.01, 0.17]","(-0.01, 0.21]","(-0.01, 0.087]","(0.77, 0.97]","(0.74, 0.8]","(-0.01, 0.23]","(-0.01, 0.23]","(-0.01, 0.23]","(-0.01, 0.22]","(-0.01, 0.23]","(-0.01, 0.25]","(0.77, 1.0]",Negative
"(19.75, 44.11]","(-0.01, 7.81]","(0.94, 190.68]","(-0.01, 0.17]","(-0.01, 0.15]","(-0.01, 0.0025]","(-0.01, 154.77]","(0.74, 0.89]","(-0.01, 0.17]","(-0.01, 0.21]","(-0.01, 0.087]","(0.77, 0.97]","(0.74, 0.8]","(-0.01, 0.23]","(-0.01, 0.23]","(-0.01, 0.23]","(-0.01, 0.22]","(-0.01, 0.23]","(-0.01, 0.25]","(0.77, 1.0]",Negative
"(19.75, 44.11]","(-0.01, 7.81]","(0.94, 190.68]","(-0.01, 0.17]","(-0.01, 0.15]","(-0.01, 0.0025]","(-0.01, 154.77]","(0.74, 0.89]","(-0.01, 0.17]","(-0.01, 0.21]","(-0.01, 0.087]","(0.77, 0.97]","(0.74, 0.8]","(-0.01, 0.23]","(-0.01, 0.23]","(-0.01, 0.23]","(-0.01, 0.22]","(-0.01, 0.23]","(-0.01, 0.25]","(0.77, 1.0]",Negative
"(19.75, 44.11]","(-0.01, 7.81]","(0.94, 190.68]","(-0.01, 0.17]","(-0.01, 0.15]","(-0.01, 0.0025]","(-0.01, 154.77]","(0.74, 0.89]","(-0.01, 0.17]","(-0.01, 0.21]","(-0.01, 0.087]","(0.77, 0.97]","(0.74, 0.8]","(-0.01, 0.23]","(-0.01, 0.23]","(-0.01, 0.23]","(-0.01, 0.22]","(-0.01, 0.23]","(-0.01, 0.25]","(0.77, 1.0]",Negative
"(19.75, 44.11]","(-0.01, 7.81]","(0.94, 190.68]","(-0.01, 0.17]","(-0.01, 0.15]","(-0.01, 0.0025]","(-0.01, 154.77]","(0.74, 0.89]","(-0.01, 0.17]","(-0.01, 0.21]","(-0.01, 0.087]","(0.77, 0.97]","(0.74, 0.8]","(-0.01, 0.23]","(-0.01, 0.23]","(-0.01, 0.23]","(-0.01, 0.22]","(-0.01, 0.23]","(-0.01, 0.25]","(0.77, 1.0]",Negative
"(19.75, 44.11]","(-0.01, 7.81]","(0.94, 190.68]","(-0.01, 0.17]","(-0.01, 0.15]","(-0.01, 0.0025]","(-0.01, 154.77]","(0.74, 0.89]","(-0.01, 0.17]","(-0.01, 0.21]","(-0.01, 0.087]","(0.77, 0.97]","(0.74, 0.8]","(-0.01, 0.23]","(-0.01, 0.23]","(-0.01, 0.23]","(-0.01, 0.22]","(-0.01, 0.23]","(-0.01, 0.25]","(0.77, 1.0]",Negative
"(19.75, 44.11]","(-0.01, 7.81]","(0.94, 190.68]","(-0.01, 0.17]","(-0.01, 0.15]","(-0.01, 0.0025]","(-0.01, 154.77]","(0.74, 0.89]","(-0.01, 0.17]","(-0.01, 0.21]","(-0.01, 0.087]","(0.77, 0.97]","(0.74, 0.8]","(-0.01, 0.23]","(-0.01, 0.23]","(-0.01, 0.23]","(-0.01, 0.22]","(-0.01, 0.23]","(-0.01, 0.25]","(0.77, 1.0]",Negative
"(19.75, 44.11]","(-0.01, 7.81]","(0.94, 190.68]","(-0.01, 0.17]","(-0.01, 0.15]","(-0.01, 0.0025]","(-0.01, 154.77]","(0.74, 0.89]","(-0.01, 0.17]","(-0.01, 0.21]","(-0.01, 0.087]","(0.77, 0.97]","(0.74, 0.8]","(-0.01, 0.23]","(-0.01, 0.23]","(-0.01, 0.23]","(-0.01, 0.22]","(-0.01, 0.23]","(-0.01, 0.25]","(0.77, 1.0]",Negative
"(19.75, 44.11]","(-0.01, 7.81]","(0.94, 190.68]","(-0.01, 0.17]","(-0.01, 0.15]","(-0.01, 0.0025]","(-0.01, 154.77]","(0.74, 0.89]","(-0.01, 0.17]","(-0.01, 0.21]","(-0.01, 0.087]","(0.77, 0.97]","(0.74, 0.8]","(-0.01, 0.23]","(-0.01, 0.23]","(-0.01, 0.23]","(-0.01, 0.22]","(-0.01, 0.23]","(-0.01, 0.25]","(0.77, 1.0]",Negative
"(19.75, 44.11]","(-0.01, 7.81]","(0.94, 190.68]","(-0.01, 0.17]","(-0.01, 0.15]","(-0.01, 0.0025]","(-0.01, 154.77]","(0.74, 0.89]","(-0.01, 0.17]","(-0.01, 0.21]","(-0.01, 0.087]","(0.77, 0.97]","(0.74, 0.8]","(-0.01, 0.23]","(-0.01, 0.23]","(-0.01, 0.23]","(-0.01, 0.22]","(-0.01, 0.23]","(-0.01, 0.25]","(0.77, 1.0]",Negative
"(19.75, 44.11]","(-0.01, 7.81]","(0.94, 190.68]","(-0.01, 0.17]","(-0.01, 0.15]","(-0.01, 0.0025]","(-0.01, 154.77]","(0.74, 0.89]","(-0.01, 0.17]","(-0.01, 0.21]","(-0.01, 0.087]","(0.77, 0.97]","(0.74, 0.8]","(-0.01, 0.23]","(-0.01, 0.23]","(-0.01, 0.23]","(-0.01, 0.22]","(-0.01, 0.23]","(-0.01, 0.25]","(0.77, 1.0]",Negative
"(19.75, 44.11]","(-0.01, 7.81]","(0.94, 190.68]","(-0.01, 0.17]","(-0.01, 0.15]","(-0.01, 0.0025]","(-0.01, 154.77]","(0.74, 0.89]","(-0.01, 0.17]","(-0.01, 0.21]","(-0.01, 0.087]","(0.77, 0.97]","(0.74, 0.8]","(-0.01, 0.23]","(-0.01, 0.23]","(-0.01, 0.23]","(-0.01, 0.22]","(-0.01, 0.23]","(-0.01, 0.25]","(0.77, 1.0]",Negative
"(19.75, 44.11]","(-0.01, 7.81]","(0.94, 190.68]","(-0.01, 0.17]","(-0.01, 0.15]","(-0.01, 0.0025]","(-0.01, 154.77]","(0.74, 0.89]","(-0.01, 0.17]","(-0.01, 0.21]","(-0.01, 0.087]","(0.77, 0.97]","(0.74, 0.8]","(-0.01, 0.23]","(-0.01, 0.23]","(-0.01, 0.23]","(-0.01, 0.22]","(-0.01, 0.23]","(-0.01, 0.25]","(0.77, 1.0]",Negative
"(19.75, 44.11]","(-0.01, 7.81]","(0.94, 190.68]","(-0.01, 0.17]","(-0.01, 0.15]","(-0.01, 0.0025]","(-0.01, 154.77]","(0.74, 0.89]","(-0.01, 0.17]","(-0.01, 0.21]","(-0.01, 0.087]","(0.77, 0.97]","(0.74, 0.8]","(-0.01, 0.23]","(-0.01, 0.23]","(-0.01, 0.23]","(-0.01, 0.22]","(-0.01, 0.23]","(-0.01, 0.25]","(0.77, 1.0]",Negative
"(19.75, 44.11]","(-0.01, 7.81]","(0.94, 190.68]","(-0.01, 0.17]","(-0.01, 0.15]","(-0.01, 0.0025]","(-0.01, 154.77]","(0.74, 0.89]","(-0.01, 0.17]","(-0.01, 0.21]","(-0.01, 0.087]","(0.77, 0.97]","(0.74, 0.8]","(-0.01, 0.23]","(-0.01, 0.23]","(-0.01, 0.23]","(-0.01, 0.22]","(-0.01, 0.23]","(-0.01, 0.25]","(0.77, 1.0]",Negative
"(19.75, 44.11]","(-0.01, 7.81]","(0.94, 190.68]","(-0.01, 0.17]","(-0.01, 0.15]","(-0.01, 0.0025]","(-0.01, 154.77]","(0.74, 0.89]","(-0.01, 0.17]","(-0.01, 0.21]","(-0.01, 0.087]","(0.77, 0.97]","(0.74, 0.8]","(-0.01, 0.23]","(-0.01, 0.23]","(-0.01, 0.23]","(-0.01, 0.22]","(-0.01, 0.23]","(-0.01, 0.25]","(0.77, 1.0]",Negative
"(19.75, 44.11]","(-0.01, 7.81]","(0.94, 190.68]","(-0.01, 0.17]","(-0.01, 0.15]","(-0.01, 0.0025]","(-0.01, 154.77]","(0.74, 0.89]","(-0.01, 0.17]","(-0.01, 0.21]","(-0.01, 0.087]","(0.77, 0.97]","(0.74, 0.8]","(-0.01, 0.23]","(-0.01, 0.23]","(-0.01, 0.23]","(-0.01, 0.22]","(-0.01, 0.23]","(-0.01, 0.25]","(0.77, 1.0]",Negative
"(19.75, 44.11]","(-0.01, 7.81]","(0.94, 190.68]","(-0.01, 0.17]","(-0.01, 0.15]","(-0.01, 0.0025]","(-0.01, 154.77]","(0.74, 0.89]","(-0.01, 0.17]","(-0.01, 0.21]","(-0.01, 0.087]","(0.77, 0.97]","(0.74, 0.8]","(-0.01, 0.23]","(-0.01, 0.23]","(-0.01, 0.23]","(-0.01, 0.22]","(-0.01, 0.23]","(-0.01, 0.25]","(0.77, 1.0]",Negative
"(19.75, 44.11]","(-0.01, 7.81]","(0.94, 190.68]","(-0.01, 0.17]","(-0.01, 0.15]","(-0.01, 0.0025]","(-0.01, 154.77]","(0.74, 0.89]","(-0.01, 0.17]","(-0.01, 0.21]","(-0.01, 0.087]","(0.77, 0.97]","(0.74, 0.8]","(-0.01, 0.23]","(-0.01, 0.23]","(-0.01, 0.23]","(-0.01, 0.22]","(-0.01, 0.23]","(-0.01, 0.25]","(0.77, 1.0]",Negative
"(19.75, 44.11]","(-0.01, 7.81]","(0.94, 190.68]","(-0.01, 0.17]","(-0.01, 0.15]","(-0.01, 0.0025]","(-0.01, 154.77]","(0.74, 0.89]","(-0.01, 0.17]","(-0.01, 0.21]","(-0.01, 0.087]","(0.77, 0.97]","(0.74, 0.8]","(-0.01, 0.23]","(-0.01, 0.23]","(-0.01, 0.23]","(-0.01, 0.22]","(-0.01, 0.23]","(-0.01, 0.25]","(0.77, 1.0]",Negative
"(19.75, 44.11]","(-0.01, 7.81]","(0.94, 190.68]","(-0.01, 0.17]","(-0.01, 0.15]","(-0.01, 0.0025]","(-0.01, 154.77]","(0.74, 0.89]","(-0.01, 0.17]","(-0.01, 0.21]","(-0.01, 0.087]","(0.77, 0.97]","(0.74, 0.8]","(-0.01, 0.23]","(-0.01, 0.23]","(-0.01, 0.23]","(-0.01, 0.22]","(-0.01, 0.23]","(-0.01, 0.25]","(0.77, 1.0]",Negative
"(19.75, 44.11]","(-0.01, 7.81]","(0.94, 190.68]","(-0.01, 0.17]","(-0.01, 0.15]","(-0.01, 0.0025]","(-0.01, 154.77]","(0.74, 0.89]","(-0.01, 0.17]","(-0.01, 0.21]","(-0.01, 0.087]","(0.77, 0.97]","(0.74, 0.8]","(-0.01, 0.23]","(-0.01, 0.23]","(-0.01, 0.23]","(-0.01, 0.22]","(-0.01, 0.23]","(-0.01, 0.25]","(0.77, 1.0]",Negative
"(19.75, 44.11]","(-0.01, 7.81]","(0.94, 190.68]","(-0.01, 0.17]","(-0.01, 0.15]","(-0.01, 0.0025]","(-0.01, 154.77]","(0.74, 0.89]","(-0.01, 0.17]","(-0.01, 0.21]","(-0.01, 0.087]","(0.77, 0.97]","(0.74, 0.8]","(-0.01, 0.23]","(-0.01, 0.23]","(-0.01, 0.23]","(-0.01, 0.22]","(-0.01, 0.23]","(-0.01, 0.25]","(0.77, 1.0]",Negative
"(19.75, 44.11]","(-0.01, 7.81]","(0.94, 190.68]","(-0.01, 0.17]","(-0.01, 0.15]","(-0.01, 0.0025]","(-0.01, 154.77]","(0.74, 0.89]","(-0.01, 0.17]","(-0.01, 0.21]","(-0.01, 0.087]","(0.77, 0.97]","(0.74, 0.8]","(-0.01, 0.23]","(-0.01, 0.23]","(-0.01, 0.23]","(-0.01, 0.22]","(-0.01, 0.23]","(-0.01, 0.25]","(0.77, 1.0]",Negative
"(19.75, 44.11]","(-0.01, 7.81]","(0.94, 190.68]","(-0.01, 0.17]","(-0.01, 0.15]","(-0.01, 0.0025]","(-0.01, 154.77]","(0.74, 0.89]","(-0.01, 0.17]","(-0.01, 0.21]","(-0.01, 0.087]","(0.77, 0.97]","(0.74, 0.8]","(-0.01, 0.23]","(-0.01, 0.23]","(-0.01, 0.23]","(-0.01, 0.22]","(-0.01, 0.23]","(-0.01, 0.25]","(0.77, 1.0]",Negative
"(19.75, 44.11]","(-0.01, 7.81]","(0.94, 190.68]","(-0.01, 0.17]","(-0.01, 0.15]","(-0.01, 0.0025]","(-0.01, 154.77]","(0.74, 0.89]","(-0.01, 0.17]","(-0.01, 0.21]","(-0.01, 0.087]","(0.77, 0.97]","(0.74, 0.8]","(-0.01, 0.23]","(-0.01, 0.23]","(-0.01, 0.23]","(-0.01, 0.22]","(-0.01, 0.23]","(-0.01, 0.25]","(0.77, 1.0]",Negative
"(19.75, 44.11]","(-0.01, 7.81]","(0.94, 190.68]","(-0.01, 0.17]","(-0.01, 0.15]","(-0.01, 0.0025]","(-0.01, 154.77]","(0.74, 0.89]","(-0.01, 0.17]","(-0.01, 0.21]","(-0.01, 0.087]","(0.77, 0.97]","(0.74, 0.8]","(-0.01, 0.23]","(-0.01, 0.23]","(-0.01, 0.23]","(-0.01, 0.22]","(-0.01, 0.23]","(-0.01, 0.25]","(0.77, 1.0]",Negative
"(19.75, 44.11]","(-0.01, 7.81]","(0.94, 190.68]","(-0.01, 0.17]","(-0.01, 0.15]","(-0.01, 0.0025]","(-0.01, 154.77]","(0.74, 0.89]","(-0.01, 0.17]","(-0.01, 0.21]","(-0.01, 0.087]","(0.77, 0.97]","(0.74, 0.8]","(-0.01, 0.23]","(-0.01, 0.23]","(-0.01, 0.23]","(-0.01, 0.22]","(-0.01, 0.23]","(-0.01, 0.25]","(0.77, 1.0]",Negative
"(19.75, 44.11]","(-0.01, 7.81]","(0.94, 190.68]","(-0.01, 0.17]","(-0.01, 0.15]","(-0.01, 0.0025]","(-0.01, 154.77]","(0.74, 0.89]","(-0.01, 0.17]","(-0.01, 0.21]","(-0.01, 0.087]","(0.77, 0.97]","(0.74, 0.8]","(-0.01, 0.23]","(-0.01, 0.23]","(-0.01, 0.23]","(-0.01, 0.22]","(-0.01, 0.23]","(-0.01, 0.25]","(0.77, 1.0]",Negative
"(19.75, 44.11]","(-0.01, 7.81]","(0.94, 190.68]","(-0.01, 0.17]","(-0.01, 0.15]","(-0.01, 0.0025]","(-0.01, 154.77]","(0.74, 0.89]","(-0.01, 0.17]","(-0.01, 0.21]","(-0.01, 0.087]","(0.77, 0.97]","(0.74, 0.8]","(-0.01, 0.23]","(-0.01, 0.23]","(-0.01, 0.23]","(-0.01, 0.22]","(-0.01, 0.23]","(-0.01, 0.25]","(0.77, 1.0]",Negative
"(19.75, 44.11]","(-0.01, 7.81]","(0.94, 190.68]","(-0.01, 0.17]","(-0.01, 0.15]","(-0.01, 0.0025]","(-0.01, 154.77]","(0.74, 0.89]","(-0.01, 0.17]","(-0.01, 0.21]","(-0.01, 0.087]","(0.77, 0.97]","(0.74, 0.8]","(-0.01, 0.23]","(-0.01, 0.23]","(-0.01, 0.23]","(-0.01, 0.22]","(-0.01, 0.23]","(-0.01, 0.25]","(0.77, 1.0]",Negative
"(19.75, 44.11]","(-0.01, 7.81]","(0.94, 190.68]","(-0.01, 0.17]","(-0.01, 0.15]","(-0.01, 0.0025]","(-0.01, 154.77]","(0.74, 0.89]","(-0.01, 0.17]","(-0.01, 0.21]","(-0.01, 0.087]","(0.77, 0.97]","(0.74, 0.8]","(-0.01, 0.23]","(-0.01, 0.23]","(-0.01, 0.23]","(-0.01, 0.22]","(-0.01, 0.23]","(-0.01, 0.25]","(0.77, 1.0]",Negative
"(19.75, 44.11]","(-0.01, 7.81]","(0.94, 190.68]","(-0.01, 0.17]","(-0.01, 0.15]","(-0.01, 0.0025]","(-0.01, 154.77]","(0.74, 0.89]","(-0.01, 0.17]","(-0.01, 0.21]","(-0.01, 0.087]","(0.77, 0.97]","(0.74, 0.8]","(-0.01, 0.23]","(-0.01, 0.23]","(-0.01, 0.23]","(-0.01, 0.22]","(-0.01, 0.23]","(-0.01, 0.25]","(0.77, 1.0]",Negative
"(19.75, 44.11]","(-0.01, 7.81]","(0.94, 190.68]","(-0.01, 0.17]","(-0.01, 0.15]","(-0.01, 0.0025]","(-0.01, 154.77]","(0.74, 0.89]","(-0.01, 0.17]","(-0.01, 0.21]","(-0.01, 0.087]","(0.77, 0.97]","(0.74, 0.8]","(-0.01, 0.23]","(-0.01, 0.23]","(-0.01, 0.23]","(-0.01, 0.22]","(-0.01, 0.23]","(-0.01, 0.25]","(0.77, 1.0]",Negative
"(19.75, 44.11]","(-0.01, 7.81]","(0.94, 190.68]","(-0.01, 0.17]","(-0.01, 0.15]","(-0.01, 0.0025]","(-0.01, 154.77]","(0.74, 0.89]","(-0.01, 0.17]","(-0.01, 0.21]","(-0.01, 0.087]","(0.77, 0.97]","(0.74, 0.8]","(-0.01, 0.23]","(-0.01, 0.23]","(-0.01, 0.23]","(-0.01, 0.22]","(-0.01, 0.23]","(-0.01, 0.25]","(0.77, 1.0]",Negative
"(19.75, 44.11]","(-0.01, 7.81]","(0.94, 190.68]","(-0.01, 0.17]","(-0.01, 0.15]","(-0.01, 0.0025]","(-0.01, 154.77]","(0.74, 0.89]","(-0.01, 0.17]","(-0.01, 0.21]","(-0.01, 0.087]","(0.77, 0.97]","(0.74, 0.8]","(-0.01, 0.23]","(-0.01, 0.23]","(-0.01, 0.23]","(-0.01, 0.22]","(-0.01, 0.23]","(-0.01, 0.25]","(0.77, 1.0]",Negative
"(19.75, 44.11]","(-0.01, 7.81]","(0.94, 190.68]","(-0.01, 0.17]","(-0.01, 0.15]","(-0.01, 0.0025]","(-0.01, 154.77]","(0.74, 0.89]","(-0.01, 0.17]","(-0.01, 0.21]","(-0.01, 0.087]","(0.77, 0.97]","(0.74, 0.8]","(-0.01, 0.23]","(-0.01, 0.23]","(-0.01, 0.23]","(-0.01, 0.22]","(-0.01, 0.23]","(-0.01, 0.25]","(0.77, 1.0]",Negative
"(19.75, 44.11]","(-0.01, 7.81]","(0.94, 190.68]","(-0.01, 0.17]","(-0.01, 0.15]","(-0.01, 0.0025]","(-0.01, 154.77]","(0.74, 0.89]","(-0.01, 0.17]","(-0.01, 0.21]","(-0.01, 0.087]","(0.77, 0.97]","(0.74, 0.8]","(-0.01, 0.23]","(-0.01, 0.23]","(-0.01, 0.23]","(-0.01, 0.22]","(-0.01, 0.23]","(-0.01, 0.25]","(0.77, 1.0]",Negative
"(19.75, 44.11]","(-0.01, 7.81]","(0.94, 190.68]","(-0.01, 0.17]","(-0.01, 0.15]","(-0.01, 0.0025]","(-0.01, 154.77]","(0.74, 0.89]","(-0.01, 0.17]","(-0.01, 0.21]","(-0.01, 0.087]","(0.77, 0.97]","(0.74, 0.8]","(-0.01, 0.23]","(-0.01, 0.23]","(-0.01, 0.23]","(-0.01, 0.22]","(-0.01, 0.23]","(-0.01, 0.25]","(0.77, 1.0]",Negative
"(19.75, 44.11]","(-0.01, 7.81]","(0.94, 190.68]","(-0.01, 0.17]","(-0.01, 0.15]","(-0.01, 0.0025]","(-0.01, 154.77]","(0.74, 0.89]","(-0.01, 0.17]","(-0.01, 0.21]","(-0.01, 0.087]","(0.77, 0.97]","(0.74, 0.8]","(-0.01, 0.23]","(-0.01, 0.23]","(-0.01, 0.23]","(-0.01, 0.22]","(-0.01, 0.23]","(-0.01, 0.25]","(0.77, 1.0]",Negative
"(19.75, 44.11]","(-0.01, 7.81]","(0.94, 190.68]","(-0.01, 0.17]","(-0.01, 0.15]","(-0.01, 0.0025]","(-0.01, 154.77]","(0.74, 0.89]","(-0.01, 0.17]","(-0.01, 0.21]","(-0.01, 0.087]","(0.77, 0.97]","(0.74, 0.8]","(-0.01, 0.23]","(-0.01, 0.23]","(-0.01, 0.23]","(-0.01, 0.22]","(-0.01, 0.23]","(-0.01, 0.25]","(0.77, 1.0]",Negative
"(19.75, 44.11]","(-0.01, 7.81]","(0.94, 190.68]","(-0.01, 0.17]","(-0.01, 0.15]","(-0.01, 0.0025]","(-0.01, 154.77]","(0.74, 0.89]","(-0.01, 0.17]","(-0.01, 0.21]","(-0.01, 0.087]","(0.77, 0.97]","(0.74, 0.8]","(-0.01, 0.23]","(-0.01, 0.23]","(-0.01, 0.23]","(-0.01, 0.22]","(-0.01, 0.23]","(-0.01, 0.25]","(0.77, 1.0]",Negative
